Net Pos,Race No,Name,Net Time,Net Cat Pos,Category,Gender
1,3510,Nathan PEARCE,01:46:57,1,18-39,Male
2,1519,Jamie WAGSTAFF,01:55:13,2,18-39,Male
3,1473,Sami MERHI,01:57:21,3,18-39,Male
4,37,Jared KAHLEFELDT,01:58:11,4,18-39,Male
5,478,Simon ANGUS,01:59:29,1,40-49,Male
6,3441,Peter DUTTON,02:01:42,5,18-39,Male
7,862,Etienne BLUMSTEIN-JONES,02:01:44,6,18-39,Male
8,3528,James BARNETT,02:01:45,7,18-39,Male
9,1547,Liam BEECROFT,02:02:20,8,18-39,Male
10,3483,Damien CLARK,02:02:20,9,18-39,Male
11,1398,Seunggil HONG,02:02:36,2,40-49,Male
12,1222,Kate AVERY,02:03:17,1,18-39,Female
13,1381,Luke FRAZZETTO,02:04:12,10,18-39,Male
14,1203,Jessica JASON,02:04:28,2,18-39,Female
15,1162,Antony RICKARDS,02:04:32,1,50-59,Male
16,1544,Richardt SCHWALB,02:05:18,11,18-39,Male
17,1160,Peter SMITH,02:05:59,12,18-39,Male
18,1270,David SCOTT,02:06:10,3,40-49,Male
19,1226,Simone BRICK,02:06:47,3,18-39,Female
20,1135,David MARTINEZ,02:07:23,4,40-49,Male
21,3516,Ross MICHELL,02:09:51,13,18-39,Male
22,1550,Jeremy HARGREAVES,02:10:28,14,18-39,Male
23,1228,Fraser WIKNER,02:10:43,15,18-39,Male
24,430,Tim BEASLEY,02:11:04,16,18-39,Male
25,564,Josh GODDEN,02:11:16,17,18-39,Male
26,1206,Nick JANSEN,02:11:18,18,18-39,Male
27,898,Andrew `WHITE,02:11:58,19,18-39,Male
28,3468,Benjamin CHERRY,02:12:05,20,18-39,Male
29,145,James ROBERTSON,02:12:20,21,18-39,Male
30,291,Jason QUIN,02:12:36,5,40-49,Male
31,1045,Matthijs OOSTERVEEN,02:12:43,22,18-39,Male
32,1154,Rachel AYRES,02:13:35,4,18-39,Female
33,436,Steve MOXHAM,02:14:00,23,18-39,Male
34,575,Jordan TREVENA,02:14:06,24,18-39,Male
35,1258,Willaim CHALMERS,02:14:18,25,18-39,Male
36,1528,Ethan SANDERSON,02:14:54,26,18-39,Male
37,671,Emmanuel REY,02:15:27,6,40-49,Male
38,3594,James RALPH,02:15:45,7,40-49,Male
39,1399,Declan MCKENZIE,02:15:57,27,18-39,Male
40,1495,Andrew ERLANGER,02:16:09,28,18-39,Male
41,3482,Vincent WEEDA,02:16:18,29,18-39,Male
42,1044,Didier NIBBERING,02:16:51,30,18-39,Male
43,1000,Paul COUPE,02:17:06,8,40-49,Male
44,265,Shayne FRANCIS,02:17:39,9,40-49,Male
45,1501,Nic SWINTON,02:17:50,31,18-39,Male
46,222,David PAROISSIEN,02:17:52,10,40-49,Male
47,1358,Kimberly PINKUS,02:18:18,5,18-39,Female
48,1074,Jeremy TAYLOR,02:18:47,32,18-39,Male
49,771,Connor SCOTT,02:19:57,33,18-39,Male
50,1071,David BAYLEY,02:20:13,34,18-39,Male
51,1067,Matthew BAYLEY,02:20:14,35,18-39,Male
52,19,John CHARLES,02:20:19,36,18-39,Male
53,828,Luke NELSON,02:20:21,11,40-49,Male
54,281,Paul CLEARY,02:20:30,12,40-49,Male
55,138,Jason PAISLEY,02:20:33,37,18-39,Male
56,271,Hamish DEERY,02:20:35,2,50-59,Male
57,1548,Ian CORNTHWAITE,02:20:37,1,60-69,Male
58,1002,Neil ROBERTSON,02:20:43,13,40-49,Male
59,1412,Sean TEE,02:20:59,38,18-39,Male
60,1229,Jonathon MATTHEWS,02:21:18,39,18-39,Male
61,1320,Rohan ARMSTRONG,02:21:24,3,50-59,Male
62,425,William WOOD,02:21:29,40,18-39,Male
63,3558,Lachlan ASPINALL,02:21:35,41,18-39,Male
64,1562,Hugh NICOLL,02:22:25,42,18-39,Male
65,1375,Jordan GALBRAITH,02:22:33,43,18-39,Male
66,470,Robert GILDERDALE,02:22:50,14,40-49,Male
67,3494,Ewan PARKER,02:22:53,15,40-49,Male
68,1125,Toby LEE,02:23:11,44,18-39,Male
69,1122,Darcy BROWN,02:23:12,45,18-39,Male
70,1376,Hamish BLAIR,02:23:43,16,40-49,Male
71,3511,Wade SANSOM,02:23:51,46,18-39,Male
72,1283,Aaron GRIGG,02:24:11,17,40-49,Male
73,672,Dean ROBINSON,02:24:15,18,40-49,Male
74,1532,Fergus KOOCHEW,02:24:22,19,40-49,Male
75,1205,Tony LANGELAAN,02:24:35,4,50-59,Male
76,1195,Jim CALLAHAN,02:24:35,20,40-49,Male
77,1422,Matthew BELL,02:24:36,47,18-39,Male
78,1305,Wayne MCINDOE,02:24:58,5,50-59,Male
79,711,Jonathan WOODMAN,02:25:02,48,18-39,Male
80,3499,Yuanchao CHENG,02:25:29,21,40-49,Male
81,926,Al MCMILLAN,02:25:40,22,40-49,Male
82,1129,Shaun GREEN,02:25:54,23,40-49,Male
83,3591,Jarrod TIDD,02:26:09,24,40-49,Male
84,3549,Clarence CHING,02:26:21,49,18-39,Male
85,199,John CLARK,02:26:35,50,18-39,Male
86,682,Mark FALKINGHAM,02:26:45,6,50-59,Male
87,205,Michael REID,02:26:57,51,18-39,Male
88,1345,Ben THOMAS,02:26:57,52,18-39,Male
89,812,Daniel CROSS,02:26:59,53,18-39,Male
90,3481,Apo KALE,02:27:05,54,18-39,Male
91,1426,Angus HENDERSON,02:27:14,55,18-39,Male
92,1065,Scott SHEA,02:27:22,56,18-39,Male
93,1101,Steve DAVIES,02:27:25,57,18-39,Male
94,1505,Chris WILLSHIRE,02:27:33,25,40-49,Male
95,416,Tracey AUSTIN,02:27:45,1,40-49,Female
96,3472,Michael NEWMAN,02:27:51,58,18-39,Male
97,1161,Matt LIVERMORE,02:27:53,59,18-39,Male
98,1430,Samuel ALLMAN,02:28:43,60,18-39,Male
99,1529,Glyn HIGGINSON,02:28:56,26,40-49,Male
100,1434,Vanessa ALFORD,02:28:56,2,40-49,Female
101,249,Bryan LIM,02:29:05,61,18-39,Male
102,855,David SPENCE,02:29:09,62,18-39,Male
103,1092,Gordon MEREDITH,02:29:30,63,18-39,Male
104,1525,Moana QUIATOL,02:29:37,64,18-39,Male
105,10,Jak LYNCH,02:29:46,65,18-39,Male
106,1284,Tony CAUCHI,02:29:46,27,40-49,Male
107,3469,Jason BLANKFIELD,02:29:47,28,40-49,Male
108,1372,Scott IMHOFF,02:29:53,29,40-49,Male
109,301,Mark ALEXANDER,02:29:55,30,40-49,Male
110,1267,David DE LA FONTAINE,02:29:57,66,18-39,Male
111,3453,Jack MACDONALD,02:30:02,67,18-39,Male
112,475,Elly JACKSON,02:30:03,6,18-39,Female
113,234,Brad BUYCK,02:30:09,31,40-49,Male
114,1088,Adam KRAMER,02:30:12,32,40-49,Male
115,3435,Jesse TONIOLO,02:30:13,68,18-39,Male
116,950,Rachel WILLIAMS,02:30:14,3,40-49,Female
117,264,Emily MASSEY,02:30:48,7,18-39,Female
118,242,Steven GOOSSENS,02:30:49,7,50-59,Male
119,800,Chris BROADHURST,02:30:51,33,40-49,Male
120,678,Luke HOARE,02:31:00,34,40-49,Male
121,3574,Andrew DUNN,02:31:00,69,18-39,Male
122,1299,Nicholas SCARLETT,02:31:11,70,18-39,Male
123,632,George PAGOTELIS,02:31:23,8,50-59,Male
124,341,Matthew ELLIOTT,02:31:34,71,18-39,Male
125,990,Erik SVENSK,02:31:35,72,18-39,Male
126,1301,Hayden OWEN,02:32:31,35,40-49,Male
127,1169,Adelene WALSH,02:32:42,8,18-39,Female
128,3460,Sean HELMOT,02:32:46,36,40-49,Male
129,1280,Luke VAUGHAN,02:32:57,73,18-39,Male
130,826,Steven FRANCIS,02:33:01,74,18-39,Male
131,1539,Rory SURACE,02:33:06,75,18-39,Male
132,323,Andrew TAYLOR,02:33:08,76,18-39,Male
133,841,Yani CORNTHWAITE,02:33:26,9,18-39,Female
134,919,Patrick HILL,02:33:30,37,40-49,Male
135,1303,Bo LIN,02:33:35,77,18-39,Male
136,324,Andre VAN DER WESTHUIZEN,02:33:40,38,40-49,Male
137,1184,James PARKIN,02:33:42,78,18-39,Male
138,975,David BARNES,02:34:05,39,40-49,Male
139,534,Brett BURNS,02:34:07,79,18-39,Male
140,3456,Molly POLAK,02:34:16,10,18-39,Female
141,1450,Shannon DILLON,02:34:19,80,18-39,Male
142,3598,Brendon WALKER,02:34:20,40,40-49,Male
143,574,Brent MCPHERSON,02:34:25,41,40-49,Male
144,124,Mark HAYWARD,02:34:32,9,50-59,Male
145,203,Joel JOHNSON,02:34:36,42,40-49,Male
146,641,Tony LIRON,02:34:38,2,60-69,Male
147,497,Daniel ZIFFER,02:34:46,43,40-49,Male
148,1200,Ben SYMONS,02:35:05,81,18-39,Male
149,1387,Christopher BREWER,02:35:06,82,18-39,Male
150,978,Alicea BURNS,02:35:06,11,18-39,Female
151,224,Ben FARISH,02:35:13,83,18-39,Male
152,730,Choon LIM,02:35:16,84,18-39,Male
153,164,Grant HICKS,02:35:24,44,40-49,Male
154,1128,Lucie HARDIMAN,02:35:28,1,50-59,Female
155,14,Fergus WILSON,02:35:36,45,40-49,Male
156,229,Rebecca KIRKHAM,02:35:37,12,18-39,Female
157,3462,Jared KITNEY,02:35:54,85,18-39,Male
158,1561,Rachael THOMPSON,02:36:02,13,18-39,Female
159,466,David SPACKMAN,02:36:04,10,50-59,Male
160,1384,Matthew KUNDEVSKI,02:36:05,86,18-39,Male
161,1367,Ed SANTAMARIA,02:36:09,87,18-39,Male
162,3597,Baoping ZHANG,02:36:10,11,50-59,Male
163,3535,Lucy HINTON,02:36:15,14,18-39,Female
164,417,Declan CALLAHAN,02:36:29,88,18-39,Male
165,3580,Ben TROUP,02:36:33,89,18-39,Male
166,720,Archer HOUGHTON,02:36:41,90,18-39,Male
167,3590,Shane SAUNDERS,02:36:49,91,18-39,Male
168,3542,Joe MARGHERITI,02:36:50,12,50-59,Male
169,1346,Simon MAY,02:36:58,92,18-39,Male
170,613,Ben HEYS,02:36:59,46,40-49,Male
171,1522,Leigh FYFE,02:37:02,93,18-39,Male
172,3552,Kyle HANDRECK,02:37:10,94,18-39,Male
173,384,Kane BRADLEY,02:37:11,95,18-39,Male
174,3525,Glenn CARROLL,02:37:11,47,40-49,Male
175,1429,Ben HILLIER,02:37:12,96,18-39,Male
176,831,Tim CAMPBELL,02:37:14,48,40-49,Male
177,733,Alfonso BLANCO,02:37:16,3,60-69,Male
178,3625,Shunnai ZHAO,02:37:19,49,40-49,Male
179,929,Chris CHAPMAN,02:37:40,97,18-39,Male
180,454,Emma CARINCI,02:37:42,15,18-39,Female
181,1507,Christopher CHARLES,02:37:57,50,40-49,Male
182,738,Bill BARRY,02:38:07,51,40-49,Male
183,690,Anthony GRAHAM,02:38:11,13,50-59,Male
184,536,Wayne SMITH,02:38:25,52,40-49,Male
185,294,Ben MASON,02:38:30,98,18-39,Male
186,1166,Domenic MICHIENZI,02:38:38,14,50-59,Male
187,1368,Matt RODDA,02:38:57,53,40-49,Male
188,3565,Trevor COHN,02:39:00,54,40-49,Male
189,1390,Kristian WHEAT,02:39:01,99,18-39,Male
190,3583,Andi WESSNER,02:39:05,55,40-49,Male
191,435,Chris PENNINGTON,02:39:23,100,18-39,Male
192,549,Scott GILBERT,02:39:24,101,18-39,Male
193,1335,Geoff BULL,02:39:32,56,40-49,Male
194,636,Nick CIMDINS,02:39:32,57,40-49,Male
195,3497,Matt BROWN,02:39:34,102,18-39,Male
196,1062,Robert TROTT,02:39:37,58,40-49,Male
197,942,Jordan ROUSE,02:39:51,103,18-39,Male
198,873,David SUTHERLAND,02:39:57,15,50-59,Male
199,1304,David LOGAN,02:40:04,59,40-49,Male
200,1352,Rhianna WIK-GAMBLE,02:40:05,16,18-39,Female
201,1233,Andreas LUNDGREN,02:40:18,16,50-59,Male
202,3585,Ciro SUITO,02:40:18,60,40-49,Male
203,366,Scobie PARKER,02:40:27,61,40-49,Male
204,3464,Leon BELOBROV,02:40:28,104,18-39,Male
205,1077,Luke MORRIS,02:40:32,62,40-49,Male
206,860,Holger PHILIPP,02:40:50,63,40-49,Male
207,1332,Jordynne ORB,02:40:55,17,18-39,Female
208,427,Dave MOCK,02:40:56,105,18-39,Male
209,420,Amadine FERREIRA,02:40:57,18,18-39,Female
210,3587,Matt CANNIZZARO,02:41:07,64,40-49,Male
211,1059,Matt MCINDOE,02:41:08,106,18-39,Male
212,3563,Guy DAWSON,02:41:15,65,40-49,Male
213,1343,Tait OOSTHUIZEN,02:41:15,66,40-49,Male
214,3515,Samuel PARKINSON,02:41:17,107,18-39,Male
215,620,Mark FOLEY,02:41:25,17,50-59,Male
216,664,Ali CRICHTON,02:41:31,4,40-49,Female
217,1296,Conor HATFIELD,02:41:35,108,18-39,Male
218,3438,Shane DOWLING,02:41:43,67,40-49,Male
219,1262,Adam KING,02:41:49,18,50-59,Male
220,1328,Wrap SWADDLE,02:41:55,109,18-39,Male
221,608,Gaurav AGARWAL,02:41:56,68,40-49,Male
222,745,Stephen RENEHAN,02:42:02,69,40-49,Male
223,57,Alan REES,02:42:06,19,50-59,Male
224,206,Damian CASTANELLI,02:42:07,20,50-59,Male
225,1393,Martin HOLT,02:42:08,70,40-49,Male
226,493,Mathew MENASSA,02:42:08,110,18-39,Male
227,793,Lincoln WALKOM,02:42:11,71,40-49,Male
228,1555,Trent HOWELL,02:42:12,72,40-49,Male
229,3487,Joel ZIFFER,02:42:13,73,40-49,Male
230,1034,Paul BYRNE,02:42:16,111,18-39,Male
231,1433,Jessica CURNOW,02:42:18,5,40-49,Female
232,970,Dave CALLOW,02:42:21,74,40-49,Male
233,3466,Harrison BROOKS,02:42:30,112,18-39,Male
234,1139,Vanessa BULL,02:42:31,19,18-39,Female
235,3503,Sam CAIRNS,02:42:32,113,18-39,Male
236,256,John WEATHERLAKE,02:42:32,4,60-69,Male
237,113,Camilla CLARKE,02:42:38,20,18-39,Female
238,3582,Jake TALBOT,02:42:39,114,18-39,Male
239,923,Brooke PALMER,02:42:41,21,18-39,Female
240,1191,Glen EVANS,02:42:42,75,40-49,Male
241,3579,William PLEMING,02:42:47,115,18-39,Male
242,691,Andrew DRAIN,02:42:47,116,18-39,Male
243,3595,Denis WARD,02:42:47,21,50-59,Male
244,277,Aymeric DE ROSBO,02:42:49,76,40-49,Male
245,1126,Stephen MEES,02:42:52,22,50-59,Male
246,3485,Christopher MOTTIN,02:42:59,117,18-39,Male
247,123,James CARVER,02:43:00,118,18-39,Male
248,687,Dayle OLSON,02:43:01,119,18-39,Male
249,504,Michael GILBERT,02:43:04,120,18-39,Male
250,18,Simon FITZGERALD,02:43:07,77,40-49,Male
251,1317,Matthew SIER,02:43:09,121,18-39,Male
252,822,Daniel MITRIS,02:43:09,122,18-39,Male
253,1142,Emma PECK,02:43:13,6,40-49,Female
254,602,John ROOME,02:43:25,78,40-49,Male
255,3474,Michael FRIEDMAN,02:43:28,79,40-49,Male
256,356,Aden KUNZ,02:43:32,123,18-39,Male
257,1027,Shane RAMAGE,02:43:34,80,40-49,Male
258,911,Rodney SMITH,02:43:37,81,40-49,Male
259,1167,Michael LONGSHORE,02:43:38,82,40-49,Male
260,1472,Anna BAKOGIANIS,02:43:40,22,18-39,Female
261,363,David BULLEN,02:43:45,23,50-59,Male
262,1230,Tim LANE,02:43:48,124,18-39,Male
263,230,Neil IRVINE,02:43:53,83,40-49,Male
264,1130,Charlie CARROLL,02:44:10,84,40-49,Male
265,442,Justin MAHONEY,02:44:35,125,18-39,Male
266,261,Thomas DOBSON,02:44:41,85,40-49,Male
267,788,James PAVONE,02:44:41,126,18-39,Male
268,3562,John SCAIFE,02:44:48,86,40-49,Male
269,147,Paul FARQUHAR,02:44:54,87,40-49,Male
270,1454,Helen OHAGAN,02:45:04,7,40-49,Female
271,967,Bjorn KUTSCHERA,02:45:04,127,18-39,Male
272,1185,Dylan NEILSEN,02:45:05,128,18-39,Male
273,3440,Peter BRICK,02:45:13,129,18-39,Male
274,729,Matthew O'HARA,02:45:15,88,40-49,Male
275,263,Jack NELSON,02:45:18,130,18-39,Male
276,3589,John JOHANSSON,02:45:25,131,18-39,Male
277,1246,Russell GRANT,02:45:25,24,50-59,Male
278,1350,Mon KELLEY,02:45:27,2,50-59,Female
279,910,Neil MATHEWS,02:45:29,25,50-59,Male
280,1197,Danielle GALLEY,02:45:31,23,18-39,Female
281,811,Bek STREET,02:45:35,24,18-39,Female
282,1143,Amber JENKINS,02:45:39,8,40-49,Female
283,3430,Tenille WALLACE,02:45:42,25,18-39,Female
284,773,Claire VINCENT,02:45:43,26,18-39,Female
285,391,Nicki MACFARLANE,02:45:48,3,50-59,Female
286,981,Kimberly HART,02:46:00,27,18-39,Female
287,1025,Chris NICHOLLS,02:46:04,132,18-39,Male
288,3533,Tommy GRIESE,02:46:15,133,18-39,Male
289,3534,Richard MCKEON,02:46:20,134,18-39,Male
290,386,Rachael NORRIS,02:46:23,28,18-39,Female
291,556,Joshua BREAKWELL,02:46:23,135,18-39,Male
292,1523,Damir UKALOVIC,02:46:31,89,40-49,Male
293,609,Lauren ISLES,02:46:34,29,18-39,Female
294,859,Daniel PORCEDDU,02:46:57,26,50-59,Male
295,887,Corey LAWSON,02:47:02,90,40-49,Male
296,34,Cecile SMITH,02:47:02,30,18-39,Female
297,1440,Jason BALICA,02:47:03,136,18-39,Male
298,1385,Andrew FITZPATRICK,02:47:11,137,18-39,Male
299,1553,Natasha TILE,02:47:12,31,18-39,Female
300,934,Paul OBRIEN,02:47:13,27,50-59,Male
301,116,Angus ANDERSON-CARTER,02:47:13,138,18-39,Male
302,1537,Daniel GALLAND,02:47:16,139,18-39,Male
303,326,Daniel EMMERSON,02:47:22,91,40-49,Male
304,1003,Bron FINNEGAN,02:47:28,4,50-59,Female
305,1552,Kailyn O'CONNOR,02:47:54,32,18-39,Female
306,907,Mark RICHARDS,02:47:58,92,40-49,Male
307,706,David CAPPS,02:48:04,93,40-49,Male
308,1431,Kerri CLAYDEN,02:48:06,9,40-49,Female
309,522,John GALLETTI,02:48:12,28,50-59,Male
310,1451,Olya TORRES,02:48:20,33,18-39,Female
311,1293,James MACKY,02:48:20,94,40-49,Male
312,1503,Joshua WOOLLETT,02:48:22,140,18-39,Male
313,3513,Michael WANG,02:48:23,95,40-49,Male
314,25,Rebecca BLACK,02:48:29,10,40-49,Female
315,411,Sophie PEREZ,02:48:30,11,40-49,Female
316,358,Troy KENT,02:48:31,141,18-39,Male
317,1487,Robert THOMPSON,02:48:41,29,50-59,Male
318,868,Brad PEAKE,02:48:44,96,40-49,Male
319,958,Jack NICHOLLS,02:48:51,142,18-39,Male
320,1070,Luke TURNER,02:48:51,143,18-39,Male
321,998,Michael LEIVA,02:48:51,97,40-49,Male
322,699,Ben MCKINNON,02:48:55,98,40-49,Male
323,984,Andrew TERRY,02:48:56,144,18-39,Male
324,874,Charis CARPENTIER,02:48:56,12,40-49,Female
325,1540,Rhianna KING,02:49:00,13,40-49,Female
326,1516,Steve STANLEY,02:49:00,145,18-39,Male
327,3447,Damien PITT,02:49:00,146,18-39,Male
328,1145,Sam KERLIN,02:49:02,147,18-39,Male
329,1124,Levi TURNER,02:49:03,148,18-39,Male
330,940,Joachim DIERCKENS,02:49:05,149,18-39,Male
331,1158,Chris BRAY,02:49:07,150,18-39,Male
332,1443,Neil WILLIAMS,02:49:09,30,50-59,Male
333,3546,Rohan GORRINGE,02:49:14,99,40-49,Male
334,1319,Bruce MORRISON,02:49:14,100,40-49,Male
335,1181,Tanya MARTIN,02:49:18,14,40-49,Female
336,912,Richard TURNER,02:49:20,101,40-49,Male
337,813,Cameron CLARK,02:49:34,151,18-39,Male
338,1033,Gajanan SKANDAKUMAR,02:49:39,102,40-49,Male
339,1308,Sabina HARDING,02:49:40,15,40-49,Female
340,1512,Majid NAZEM,02:49:44,31,50-59,Male
341,748,Pearse ELTON,02:49:48,32,50-59,Male
342,3604,Chris JOHNSTONE,02:49:58,103,40-49,Male
343,578,Alex COMYN,02:49:59,104,40-49,Male
344,801,Stephen JACKSON,02:50:03,105,40-49,Male
345,3551,Mick DUYVESTYN,02:50:10,106,40-49,Male
346,1187,Calvin Zhaowei WANG,02:50:24,152,18-39,Male
347,1423,Scott DANIELS,02:50:35,107,40-49,Male
348,99,Lorcan BARDEN,02:50:41,33,50-59,Male
349,3554,Mak SAWA,02:50:47,108,40-49,Male
350,597,Shannon RYAN,02:50:51,109,40-49,Male
351,236,Joshua PRESSER,02:50:52,110,40-49,Male
352,465,David PAPPS,02:50:59,34,50-59,Male
353,999,Ebany VANDERHEYM,02:51:04,34,18-39,Female
354,1069,Mario PEUCKER,02:51:07,111,40-49,Male
355,3526,George HURLEY,02:51:18,153,18-39,Male
356,3527,Sam BONGIORNO,02:51:18,154,18-39,Male
357,1449,Michael YOUNG,02:51:19,155,18-39,Male
358,1136,Paul WALRAVENS,02:51:22,112,40-49,Male
359,477,Bradley HUMPHREY,02:51:24,113,40-49,Male
360,1488,Jack DOMAN,02:51:28,156,18-39,Male
361,278,Nicholas CHERRY,02:51:30,157,18-39,Male
362,612,Alexandra GUY,02:51:30,35,18-39,Female
363,1549,William KRITHARARIS,02:51:30,158,18-39,Male
364,1218,Winson TAN,02:51:41,35,50-59,Male
365,39,Mark FLASCAS,02:51:42,114,40-49,Male
366,1418,Moshe BELLELI,02:51:49,115,40-49,Male
367,1196,Lachlan TEAGUE,02:51:53,159,18-39,Male
368,3571,James BADGER,02:51:53,116,40-49,Male
369,3476,Reinder SCHUURMANS,02:51:54,117,40-49,Male
370,1061,Mitch KING,02:52:02,160,18-39,Male
371,3531,Indi ROFE,02:52:20,36,18-39,Female
372,884,Ginny STEVENS,02:52:27,37,18-39,Female
373,1338,Ning ZHANG,02:52:49,16,40-49,Female
374,352,Cameron HEFFERNAN,02:53:02,161,18-39,Male
375,1032,Wayne GRENFELL,02:53:10,118,40-49,Male
376,1558,Liam ROCHE,02:53:16,119,40-49,Male
377,1141,Rhys KILIAN,02:53:19,162,18-39,Male
378,1511,Berend PILON,02:53:28,163,18-39,Male
379,1445,Andrew SUN,02:53:30,164,18-39,Male
380,1174,Craig HOPKINS,02:53:39,165,18-39,Male
381,1113,Adam SCANLAN,02:53:53,120,40-49,Male
382,1316,Shankar RAMADAS,02:53:55,121,40-49,Male
383,1543,Dave MANN,02:53:59,166,18-39,Male
384,422,Sharn WESTON,02:54:03,122,40-49,Male
385,1389,Don PHAM,02:54:12,167,18-39,Male
386,787,David WILLIS,02:54:14,168,18-39,Male
387,1560,Mikhaila CARROLL,02:54:15,38,18-39,Female
388,3577,Matthew GALGANO,02:54:31,169,18-39,Male
389,269,Kim WESTON,02:54:31,17,40-49,Female
390,1188,Billie DOMAN,02:54:41,39,18-39,Female
391,1348,Jeremy OÆNEILL,02:54:44,170,18-39,Male
392,630,Jane IVEY,02:54:45,18,40-49,Female
393,726,Heike GODWIN,02:54:47,19,40-49,Female
394,471,Drew DUNSTONE,02:54:49,123,40-49,Male
395,1466,Casey COUCHE,02:54:52,171,18-39,Male
396,1026,Melissa MARSHALL,02:54:57,20,40-49,Female
397,1339,Scott RUDDUCK,02:55:03,172,18-39,Male
398,7,Matt ACOCKS,02:55:13,173,18-39,Male
399,482,Bryce ANGELL,02:55:14,174,18-39,Male
400,724,Adrian LACEY,02:55:29,36,50-59,Male
401,537,Michael GILLETT,02:55:33,37,50-59,Male
402,85,Renee BYERS,02:55:38,21,40-49,Female
403,431,Melissa GANGEMI,02:55:38,22,40-49,Female
404,1444,Justin PHILPOTT,02:55:45,38,50-59,Male
405,1121,Andrew PRADEL,02:55:46,124,40-49,Male
406,3544,Anthony SVIRSKIS,02:55:55,125,40-49,Male
407,595,Margaret FITZGERALD,02:56:01,1,60-69,Female
408,3569,Stephanie MAK,02:56:02,40,18-39,Female
409,359,Damir TANKOVIC,02:56:04,39,50-59,Male
410,977,Alexandra MORGAN,02:56:11,41,18-39,Female
411,61,Jerome GUZZO,02:56:26,175,18-39,Male
412,618,Jack HIDER,02:56:47,40,50-59,Male
413,1546,Rob MCKINLAY,02:56:51,176,18-39,Male
414,3560,Boris TRAKILOVIC,02:56:52,177,18-39,Male
415,3498,Domenico COLOSIMO,02:57:01,178,18-39,Male
416,931,Greg SUZOR,02:57:02,126,40-49,Male
417,824,David TOPEROSA,02:57:12,179,18-39,Male
418,1211,Dharmesh PATEL,02:57:15,127,40-49,Male
419,757,Trevor HARRISON,02:57:17,128,40-49,Male
420,3575,Joshua CONOLLY,02:57:21,180,18-39,Male
421,3568,Justin HEATH,02:57:27,181,18-39,Male
422,571,Andrew BROADHURST,02:57:27,129,40-49,Male
423,1223,Lachlan BROMLEY,02:57:29,182,18-39,Male
424,1414,Celeste LAMONT,02:57:32,23,40-49,Female
425,437,Darren JEFFREYS,02:57:39,183,18-39,Male
426,213,Brendan MCCARTHY,02:57:40,184,18-39,Male
427,3599,Henry NAYEGON,02:57:45,185,18-39,Male
428,816,Josh HUTCHISON,02:57:46,186,18-39,Male
429,3507,Debbie TAYLOR,02:57:58,5,50-59,Female
430,3479,Jesse TURLAND,02:57:58,187,18-39,Male
431,3588,Nathan MARKS,02:57:59,188,18-39,Male
432,846,Thomas MILLER,02:58:04,189,18-39,Male
433,481,Kathryn PROCTOR,02:58:08,24,40-49,Female
434,1448,James MULLALY,02:58:15,190,18-39,Male
435,1382,Megan HALE,02:58:27,42,18-39,Female
436,1480,Matt POLLARD,02:58:29,191,18-39,Male
437,3465,Patrick HERFT,02:58:30,41,50-59,Male
438,1180,Caro ANDERSON,02:58:31,25,40-49,Female
439,1266,Nicholas WATERS,02:58:31,192,18-39,Male
440,1268,Nick DRAKE,02:58:32,193,18-39,Male
441,462,Kris SAW,02:58:39,194,18-39,Male
442,1202,Paul BROWN,02:58:43,42,50-59,Male
443,377,Michelle THAM,02:58:46,6,50-59,Female
444,903,Amy SALISBURY,02:58:52,26,40-49,Female
445,3445,Kasia WARNECKE,02:58:57,43,18-39,Female
446,635,Benjiman MURPHY,02:58:59,195,18-39,Male
447,3512,Francis COSSON,02:59:00,130,40-49,Male
448,1249,Jules LUND,02:59:01,131,40-49,Male
449,154,Nick SYDENHAM,02:59:05,43,50-59,Male
450,1286,Connor MAY,02:59:10,196,18-39,Male
451,1453,Paul O'BRIEN,02:59:17,132,40-49,Male
452,1530,Harry MCNAIR,02:59:20,197,18-39,Male
453,1469,Duncan BELL,02:59:32,133,40-49,Male
454,1255,Leighton MORLEY,02:59:34,134,40-49,Male
455,273,Danny EDMUNDS,02:59:46,135,40-49,Male
456,3522,Anthony DELLAR,02:59:48,198,18-39,Male
457,810,Peter VAINER,02:59:56,136,40-49,Male
458,134,Simon HUGHES,02:59:57,137,40-49,Male
459,909,Jarrod BOSANKO,03:00:01,138,40-49,Male
460,1407,Chris TASKER,03:00:21,139,40-49,Male
461,3484,Evarne REES,03:00:22,7,50-59,Female
462,961,Will WEBSTER,03:00:23,199,18-39,Male
463,1260,Jen EDWARDS,03:00:31,27,40-49,Female
464,1295,Nathan CASTLE,03:00:32,140,40-49,Male
465,1559,Nhan LE,03:00:33,44,50-59,Male
466,468,Isaac CHAPLIN,03:00:39,200,18-39,Male
467,1447,Jeremy NICKS,03:00:49,141,40-49,Male
468,693,Kyle ZARB,03:00:50,201,18-39,Male
469,789,Stephen MCGRATH,03:00:50,202,18-39,Male
470,624,Michael CAMILLERI,03:00:51,142,40-49,Male
471,1504,Jarrod AMOR,03:00:52,203,18-39,Male
472,888,Wil SAUER,03:00:53,204,18-39,Male
473,794,Simon GRODSKI,03:00:56,143,40-49,Male
474,722,James RICHARDS,03:00:58,45,50-59,Male
475,1371,Ania SMARSZ,03:00:59,28,40-49,Female
476,850,Cam BAILEY,03:01:02,205,18-39,Male
477,207,Laura MALADY,03:01:12,44,18-39,Female
478,638,Bronwyn LA BROOY,03:01:16,45,18-39,Female
479,1524,Elise MARCIANTI,03:01:17,46,18-39,Female
480,1150,Frances ALBERTYN,03:01:20,47,18-39,Female
481,498,Hayley FREEMAN,03:01:24,29,40-49,Female
482,1097,Nigel FOX,03:01:30,144,40-49,Male
483,780,Luch TOSIN,03:01:33,46,50-59,Male
484,1164,Gerry SHERIDAN,03:01:34,47,50-59,Male
485,184,Michelle MARKULIJA,03:01:34,48,18-39,Female
486,3524,Andrew VANDUYNHOVEN,03:01:37,5,60-69,Male
487,639,Laura BOURKE,03:01:37,49,18-39,Female
488,1396,Steven TIBB,03:01:37,145,40-49,Male
489,193,Elva ZHAO,03:01:38,50,18-39,Female
490,1483,Tristan PERRY,03:01:43,206,18-39,Male
491,611,Isla EDYVANE,03:01:45,51,18-39,Female
492,329,Maarten VAN HERK,03:01:47,146,40-49,Male
493,189,Damian HARRISON,03:01:53,147,40-49,Male
494,1165,Damien STRAHAN,03:01:53,207,18-39,Male
495,879,David WEBSTER,03:02:00,48,50-59,Male
496,1053,Sarah COSTI,03:02:01,52,18-39,Female
497,3470,Elizabeth MAFFEI,03:02:02,53,18-39,Female
498,965,Abby LETHLEAN,03:02:08,54,18-39,Female
499,1238,Marcus HODGMAN,03:02:11,148,40-49,Male
500,1531,Justin EAGLETON,03:02:12,149,40-49,Male
501,296,Ed CHAN,03:02:13,6,60-69,Male
502,472,Natalie UREN,03:02:16,55,18-39,Female
503,370,Ben GOULD,03:02:32,150,40-49,Male
504,1347,Guillaume ANNE,03:02:36,151,40-49,Male
505,1321,Vanessa HILLER,03:02:37,56,18-39,Female
506,297,Ansis PIKSONS,03:02:39,49,50-59,Male
507,325,Shaun THOMAS,03:02:41,152,40-49,Male
508,227,Michael BOSMANS,03:03:00,50,50-59,Male
509,1078,Jordan HUSKIE,03:03:09,208,18-39,Male
510,527,Simone KOLB,03:03:10,30,40-49,Female
511,1377,Eduard INGLES,03:03:13,51,50-59,Male
512,725,Con ANDRONIS,03:03:14,52,50-59,Male
513,1383,Andrew COLLIER,03:03:15,53,50-59,Male
514,3501,Amanda GAUDION,03:03:18,57,18-39,Female
515,349,Margaret CLARKE,03:03:20,8,50-59,Female
516,900,Christine BAYLEY,03:03:20,31,40-49,Female
517,1468,Roy PEARCE,03:03:21,209,18-39,Male
518,901,Scott BAYLEY,03:03:21,54,50-59,Male
519,461,Michael ANGIOLELLA,03:03:22,210,18-39,Male
520,149,Adam BADMAN,03:03:40,211,18-39,Male
521,525,Shaun COSTER,03:03:47,153,40-49,Male
522,1043,Ivor WHYTE,03:03:48,212,18-39,Male
523,3517,Conor BRENNAN,03:03:48,213,18-39,Male
524,524,Justin JEFFERY,03:03:49,154,40-49,Male
525,533,Michael SLEAP,03:03:49,155,40-49,Male
526,292,David GEAR,03:03:55,214,18-39,Male
527,3451,Charlotte SKLENAR,03:03:58,32,40-49,Female
528,1055,Geoff STEBBINS,03:04:01,55,50-59,Male
529,1494,Jess CURL,03:04:14,58,18-39,Female
530,1098,Bronte KERLEY,03:04:15,59,18-39,Female
531,91,Paul BROADHURST,03:04:16,156,40-49,Male
532,3486,Hamish ARMSTRONG,03:04:17,215,18-39,Male
533,308,Phil MEGGS,03:04:18,56,50-59,Male
534,1538,Toni DODERICO,03:04:20,60,18-39,Female
535,1029,Tim HENRY,03:04:22,57,50-59,Male
536,993,Wiseman SIBANDA,03:04:24,157,40-49,Male
537,288,Cissy SUMNER,03:04:32,33,40-49,Female
538,1243,Matt BUCKLEY,03:04:39,216,18-39,Male
539,550,Greg BERTI,03:04:43,58,50-59,Male
540,343,Elke RITCHIE VALENCIA,03:04:43,34,40-49,Female
541,3573,Daniel ROBERTSON,03:04:50,158,40-49,Male
542,1506,Brett KOELEWYN,03:04:54,159,40-49,Male
543,3490,Declan KNIGHTS,03:04:58,217,18-39,Male
544,895,Kylie KUEK,03:05:02,35,40-49,Female
545,3557,James MCALPINE,03:05:03,218,18-39,Male
546,1175,Scott FEATHERSTON,03:05:05,160,40-49,Male
547,1378,Jason HUMPHRIES,03:05:08,161,40-49,Male
548,1257,Dylan VAN ES,03:05:11,219,18-39,Male
549,1060,Joel COOKE,03:05:13,162,40-49,Male
550,3586,David MCKENNA,03:05:13,163,40-49,Male
551,806,Mark ANDERSON,03:05:21,59,50-59,Male
552,3457,Alastair SMITH,03:05:25,164,40-49,Male
553,3489,Lucinda STRONG,03:05:28,61,18-39,Female
554,654,Ron VAN DER HEIDE,03:05:32,7,60-69,Male
555,3458,Maria VAZQUEZ,03:05:33,36,40-49,Female
556,532,Ross YOUNG,03:05:34,60,50-59,Male
557,762,Adrian MCCARTHY,03:05:37,165,40-49,Male
558,935,David BEED,03:05:38,166,40-49,Male
559,695,Peter EXTON,03:05:39,8,60-69,Male
560,357,Marie SMITH,03:05:47,37,40-49,Female
561,1156,Brian SULLIVAN,03:05:59,167,40-49,Male
562,143,Daniel MCMASTERS,03:06:02,168,40-49,Male
563,202,Stuart SWAIN,03:06:07,169,40-49,Male
564,452,Angela KELLY,03:06:09,38,40-49,Female
565,1248,Colleen ISAACS,03:06:11,39,40-49,Female
566,334,Chris WATT,03:06:14,9,60-69,Male
567,3520,Luke MARSH,03:06:15,220,18-39,Male
568,101,Annabel MARTIN,03:06:18,40,40-49,Female
569,1394,Stephen GILLANDERS,03:06:24,61,50-59,Male
570,939,Ben MITCHELL,03:06:31,221,18-39,Male
571,333,Jessie COLLINS,03:06:33,41,40-49,Female
572,160,Jamie MCLAUCHLAN,03:06:42,222,18-39,Male
573,737,Michael EHRENTRAUT,03:06:44,62,50-59,Male
574,775,Katrina SCHULZ,03:06:44,62,18-39,Female
575,1369,Mark FLINTOFF,03:06:46,223,18-39,Male
576,845,Penny FLUKES,03:06:46,42,40-49,Female
577,894,Michael KENNEDY,03:06:51,224,18-39,Male
578,985,Peter NELSON,03:06:53,170,40-49,Male
579,3434,Andii HINDLE,03:06:55,43,40-49,Female
580,870,Stefan ZERVIDES,03:07:07,225,18-39,Male
581,869,Kara GIANNONE,03:07:08,63,18-39,Female
582,309,Tim BURKE,03:07:15,226,18-39,Male
583,488,Nick JAMES,03:07:21,171,40-49,Male
584,201,Nigel HANSCAMP,03:07:36,63,50-59,Male
585,1182,Damean POSNER,03:07:37,64,50-59,Male
586,1535,Jason CRESP,03:07:37,227,18-39,Male
587,1118,Rory MCDERMOTT,03:07:44,10,60-69,Male
588,1419,Thomas BLACK,03:07:53,228,18-39,Male
589,815,Robert MEEK,03:07:54,11,60-69,Male
590,1039,Ingrid HOWLETT,03:08:01,44,40-49,Female
591,485,Chris OWEN,03:08:12,65,50-59,Male
592,449,Amanda LAVEN,03:08:12,9,50-59,Female
593,1153,James BUCKINGHAM,03:08:12,229,18-39,Male
594,615,Kylie DEALY,03:08:14,64,18-39,Female
595,505,Claire BECK,03:08:17,2,60-69,Female
596,289,Andrew POMPHREY,03:08:21,66,50-59,Male
597,171,Stefan LESKE,03:08:24,172,40-49,Male
598,195,Bree BAILEY,03:08:28,45,40-49,Female
599,541,Peter HORSLEY,03:08:32,173,40-49,Male
600,1176,Adrian FOSTER,03:08:38,174,40-49,Male
601,1408,Jamie MILLS,03:08:46,230,18-39,Male
602,890,Ryan HOME,03:08:47,231,18-39,Male
603,577,Josh STARR,03:08:49,232,18-39,Male
604,662,David FROUDE,03:08:53,175,40-49,Male
605,1276,Evelien VAN DER GEEST,03:08:58,65,18-39,Female
606,1363,Jayde O'BRIEN,03:09:01,46,40-49,Female
607,614,Vivek ONAMALAI,03:09:02,233,18-39,Male
608,432,Graham SMART,03:09:03,176,40-49,Male
609,1500,Dan KALIFA,03:09:03,177,40-49,Male
610,1499,Kristy HALLETT,03:09:04,47,40-49,Female
611,1355,Daniel GOODWIN,03:09:05,234,18-39,Male
612,626,Zac WALTON,03:09:10,235,18-39,Male
613,1254,Alan SMYTH,03:09:12,178,40-49,Male
614,414,Donna COOPER,03:09:12,10,50-59,Female
615,320,Narelle HOWES,03:09:19,11,50-59,Female
616,389,Kent DAVEY,03:09:20,67,50-59,Male
617,885,Tim BATEMAN,03:09:22,236,18-39,Male
618,1435,Conor DUXBURY,03:09:23,237,18-39,Male
619,9,Neill LEITH,03:09:25,179,40-49,Male
620,8,Nicole LEITH,03:09:26,48,40-49,Female
621,1392,Mitchell JONES,03:09:26,238,18-39,Male
622,1386,Jack MILLAR,03:09:27,239,18-39,Male
623,650,George MIHALAKELLIS,03:09:28,180,40-49,Male
624,625,Angela TRIPODI,03:09:29,66,18-39,Female
625,410,Laura ANDERSON,03:09:34,67,18-39,Female
626,1365,Harry SMILES,03:09:39,240,18-39,Male
627,1324,Prue BINGLEY,03:09:42,49,40-49,Female
628,78,Mark HORE,03:09:45,68,50-59,Male
629,949,Melissa CULLEN,03:09:55,68,18-39,Female
630,1482,Madeline HEINER,03:09:55,69,18-39,Female
631,1282,He-Shyan BALNAVE,03:09:57,241,18-39,Male
632,1207,Jason MCNIFF,03:09:58,242,18-39,Male
633,35,David PORTER,03:09:58,243,18-39,Male
634,1471,Sam RYAN,03:10:02,244,18-39,Male
635,1085,Aurelie GRUAZ,03:10:10,70,18-39,Female
636,243,Sam DANIEL,03:10:20,181,40-49,Male
637,797,Jared SMITH,03:10:33,245,18-39,Male
638,588,Paul IOANNOU,03:10:36,69,50-59,Male
639,328,Bec TONKIN,03:10:37,71,18-39,Female
640,1239,Sam BERKLEY,03:10:47,246,18-39,Male
641,1379,Ronen JACHIMOWICZ,03:10:53,182,40-49,Male
642,772,Matt DORNING,03:10:53,247,18-39,Male
643,239,Katherine GIBBINS,03:10:58,50,40-49,Female
644,849,Matt NEWTON,03:11:06,248,18-39,Male
645,758,Bec HIRST,03:11:19,72,18-39,Female
646,392,Ruth PATTON,03:11:22,51,40-49,Female
647,723,Bartek ZIELINSKI,03:11:30,70,50-59,Male
648,1100,Denisa GOLDHAMMER,03:11:32,73,18-39,Female
649,832,Robert WYMOND,03:11:33,12,60-69,Male
650,1364,Matthew Peter KARAK,03:11:35,249,18-39,Male
651,3452,Vincent LAM,03:11:41,250,18-39,Male
652,125,Adam BARNES,03:11:42,183,40-49,Male
653,3592,William BELL,03:11:43,251,18-39,Male
654,607,Chris O'BRIEN,03:11:50,13,60-69,Male
655,852,Alison DALE,03:11:55,74,18-39,Female
656,959,Adam BOCOR,03:11:59,252,18-39,Male
657,302,Markus ROTEN,03:11:59,184,40-49,Male
658,381,Shaaban SELIM,03:12:01,185,40-49,Male
659,953,Nathan BARWICK,03:12:10,186,40-49,Male
660,1490,Cara LLOYD,03:12:22,75,18-39,Female
661,1012,Conor DE COURCY,03:12:30,253,18-39,Male
662,1073,Charles DAVIS,03:12:37,187,40-49,Male
663,3455,Gabrielle DE COSSE BRISSAC,03:12:44,76,18-39,Female
664,1022,Darrin ESLICK,03:12:49,188,40-49,Male
665,494,Hannah THOMAS,03:12:54,77,18-39,Female
666,1163,Elsa MC GANN,03:13:09,3,60-69,Female
667,1119,Georgina BROOKS,03:13:11,52,40-49,Female
668,88,Kate ATKINSON,03:13:13,53,40-49,Female
669,908,Lucy PIPER,03:13:13,54,40-49,Female
670,1400,Oliver DEACON,03:13:17,189,40-49,Male
671,1401,Sof TSIALTAS,03:13:17,71,50-59,Male
672,1091,Anne MCINTOSH,03:13:23,55,40-49,Female
673,218,Stefan VIZZARI,03:13:26,190,40-49,Male
674,1464,Tyson MADELEY,03:13:29,254,18-39,Male
675,345,Rogier BACKX,03:13:30,72,50-59,Male
676,622,Brett SCHWAB,03:13:31,255,18-39,Male
677,1081,Chloe ONG,03:13:35,78,18-39,Female
678,3559,Andrew KLINK,03:13:38,256,18-39,Male
679,267,Belinda JOY,03:13:39,56,40-49,Female
680,804,Sarah KLINK,03:13:39,79,18-39,Female
681,316,Matthew HEATON-HARRIS,03:13:39,257,18-39,Male
682,902,Rebecca BARRETT,03:13:51,57,40-49,Female
683,844,Emmanuel KUNTSCHE,03:13:51,73,50-59,Male
684,1517,Nellie WHITESIDE,03:13:58,80,18-39,Female
685,150,John HENDERSON,03:13:58,191,40-49,Male
686,1204,Andrew TOTINO,03:14:00,258,18-39,Male
687,809,Danny GOLDMAN,03:14:05,74,50-59,Male
688,180,Jason ANDREWS,03:14:07,192,40-49,Male
689,861,Michael FRANKLIN,03:14:08,259,18-39,Male
690,367,Leanne MCDONALD,03:14:13,81,18-39,Female
691,172,Pauline BASS,03:14:17,58,40-49,Female
692,1216,Sam WU,03:14:19,260,18-39,Male
693,1486,Ella BROMLEY,03:14:20,82,18-39,Female
694,1066,Patrick NORMAN,03:14:23,261,18-39,Male
695,856,Colin TICKNER,03:14:25,193,40-49,Male
696,1534,Phill CARR,03:14:28,75,50-59,Male
697,1474,Kevin JAMIESON,03:14:28,76,50-59,Male
698,260,Damien SHERRY,03:14:30,77,50-59,Male
699,1323,Sam BINGLEY,03:14:31,194,40-49,Male
700,1220,Lin Jie BAI,03:14:33,262,18-39,Male
701,3467,Lucy SAVILLE,03:14:36,83,18-39,Female
702,596,Richard DICKMANN,03:14:43,14,60-69,Male
703,820,Natalie BODE,03:14:47,59,40-49,Female
704,1388,Andrew KUMAR,03:14:48,195,40-49,Male
705,956,Guy LUONG,03:14:50,196,40-49,Male
706,979,Deborah LAUGHTON-FISKE,03:14:50,60,40-49,Female
707,332,Kylie WICKERT,03:15:02,61,40-49,Female
708,842,Zoe LEE,03:15:06,84,18-39,Female
709,1106,Ashleigh GREENAWAY,03:15:12,85,18-39,Female
710,1513,Michael LOWE,03:15:16,197,40-49,Male
711,500,Eamon MCEWAN,03:15:21,263,18-39,Male
712,857,Meg WOOD,03:15:22,62,40-49,Female
713,469,Steph POYNTON,03:15:34,86,18-39,Female
714,1076,Tony EID,03:15:38,78,50-59,Male
715,1105,Shimin LI,03:15:40,87,18-39,Female
716,1326,Gautam PANDEY,03:15:40,198,40-49,Male
717,1424,Bec JACOBSON,03:15:40,88,18-39,Female
718,3509,Matt O'DWYER,03:15:53,79,50-59,Male
719,753,Miriam STRMECKI,03:15:56,89,18-39,Female
720,707,Ross WALLIS,03:15:57,199,40-49,Male
721,736,Maria DIETRICH,03:15:58,63,40-49,Female
722,518,Suzi KARAJIAN,03:15:58,64,40-49,Female
723,1063,John CHAPMAN,03:16:04,80,50-59,Male
724,337,Cristy REID,03:16:08,65,40-49,Female
725,424,Andrew SCOTT,03:16:11,200,40-49,Male
726,484,Natasha HEWITT,03:16:11,66,40-49,Female
727,3439,Cameron RUSH,03:16:29,264,18-39,Male
728,362,Ryan MILSOME,03:16:31,201,40-49,Male
729,619,Caroline JONES,03:16:36,67,40-49,Female
730,1168,Mick LEE,03:16:37,202,40-49,Male
731,1420,Rowan JOBLING,03:16:40,265,18-39,Male
732,952,Paul DENNIS,03:16:50,203,40-49,Male
733,1337,Paul TRAN,03:16:50,266,18-39,Male
734,882,Amy MCKELLAR,03:16:52,90,18-39,Female
735,851,Simon COOK,03:16:56,204,40-49,Male
736,1502,Madelaine MOREAU,03:16:59,91,18-39,Female
737,1497,Nicholas REID,03:17:00,205,40-49,Male
738,1465,Jack NEWMAN,03:17:00,206,40-49,Male
739,365,Robyn WILMSHURST,03:17:01,68,40-49,Female
740,792,Sandy WELSH,03:17:10,69,40-49,Female
741,1004,Alexis DEMETRIOUS,03:17:13,92,18-39,Female
742,245,Diana NICHOLLS,03:17:33,70,40-49,Female
743,1224,Kate ZEMUNIC,03:17:34,93,18-39,Female
744,228,Amanda PEACHEY,03:17:38,71,40-49,Female
745,426,Carola RICHTER,03:17:38,12,50-59,Female
746,1147,Matthew GILBEE,03:17:49,267,18-39,Male
747,829,Lucas BAKES,03:17:49,268,18-39,Male
748,1052,Stephen BRAMLEY,03:17:49,81,50-59,Male
749,795,Stu PLACE,03:17:49,207,40-49,Male
750,1479,Courtney WRIGHT,03:17:50,269,18-39,Male
751,1144,Simon JANIW,03:17:51,270,18-39,Male
752,941,Kim JANIW,03:17:52,94,18-39,Female
753,1520,Won Ki JOO,03:17:54,208,40-49,Male
754,434,Mark FALKINGHAM,03:17:55,209,40-49,Male
755,783,Trish MULLER,03:18:06,95,18-39,Female
756,991,Adam MESSENGER,03:18:16,210,40-49,Male
757,997,Nathan HALE,03:18:17,271,18-39,Male
758,916,Twiggy MERCER,03:18:29,96,18-39,Female
759,955,Miles WADLEY,03:18:37,211,40-49,Male
760,579,Chris SCULLY,03:18:42,82,50-59,Male
761,1360,Joshua TEMPLE,03:18:42,272,18-39,Male
762,1094,Chloe WILSON,03:18:47,97,18-39,Female
763,1082,Alan BAYNASH,03:18:54,212,40-49,Male
764,429,Olivia RUNDLE,03:18:54,72,40-49,Female
765,3471,Tim DANIEL,03:18:55,213,40-49,Male
766,1009,Cornelio GISON,03:19:05,214,40-49,Male
767,1013,Andrea FUNG,03:19:12,73,40-49,Female
768,920,Jon CLAYDON,03:19:14,273,18-39,Male
769,3519,Yvette BRADY,03:19:15,98,18-39,Female
770,3475,Will DAY,03:19:23,83,50-59,Male
771,1189,Pol MEEGAN,03:19:42,215,40-49,Male
772,215,Kristin RURADE,03:19:52,74,40-49,Female
773,1409,Clare ALEXANDER,03:20:01,13,50-59,Female
774,1551,Alan ZHANG,03:20:01,216,40-49,Male
775,3478,Phillip KARONGA,03:20:08,217,40-49,Male
776,1333,Simon DUNBAR,03:20:08,218,40-49,Male
777,423,Emma HILLMAN,03:20:10,75,40-49,Female
778,1140,Chloe SHIRTCLIFFE,03:20:10,99,18-39,Female
779,3450,Colin HEALEY,03:20:20,15,60-69,Male
780,1221,James NEWTON,03:20:23,274,18-39,Male
781,735,Rodney GRAHAM,03:20:37,219,40-49,Male
782,698,Chris PATCHELL,03:20:38,220,40-49,Male
783,1111,Elizabeth MUKHERJI,03:20:38,76,40-49,Female
784,1110,Gautam MUKHERJI,03:20:39,221,40-49,Male
785,3550,Alice MCNAMARA,03:20:39,100,18-39,Female
786,1109,Ben ROBERTS,03:20:39,222,40-49,Male
787,676,Brian GROBBELAAR,03:20:40,84,50-59,Male
788,1271,Daniel BEESON,03:20:42,223,40-49,Male
789,1237,Luis PATI╤O DEL TORO,03:20:43,275,18-39,Male
790,1314,Matt PULL,03:20:44,224,40-49,Male
791,3506,Diego GIRAUDO,03:20:47,225,40-49,Male
792,679,Jessica-Anne HAYES,03:20:49,101,18-39,Female
793,744,Bernt JOHANNESSEN,03:20:54,226,40-49,Male
794,464,Kimbra STANFIELD,03:20:56,4,60-69,Female
795,3493,Izak DAMAS,03:21:04,276,18-39,Male
796,1250,John WOOLLARD,03:21:16,16,60-69,Male
797,3461,Annette LADLOW,03:21:17,14,50-59,Female
798,1157,Michael SILLEKENS,03:21:20,85,50-59,Male
799,303,Paul CURTAIN,03:21:22,86,50-59,Male
800,188,Jonathan CHOONG,03:21:26,277,18-39,Male
801,1508,Scott ANDERSON,03:21:31,227,40-49,Male
802,752,Craig RAISBECK,03:21:33,17,60-69,Male
803,1096,Alison WRIGHT,03:21:33,15,50-59,Female
804,1123,Chris GREHAN,03:21:36,228,40-49,Male
805,3502,Megan ALLEN-CREED,03:21:39,102,18-39,Female
806,3556,Melanie MACFARLANE,03:21:39,103,18-39,Female
807,715,Craig HERBERT,03:21:44,278,18-39,Male
808,805,Lorraine BRADBURY,03:21:52,5,60-69,Female
809,507,Nicole MACKIE,03:21:55,104,18-39,Female
810,405,William HEMMING,03:21:59,229,40-49,Male
811,1298,Emma FRANCIS,03:22:05,105,18-39,Female
812,523,Karina ASTON,03:22:09,106,18-39,Female
813,834,Joshua GROBBELAAR,03:22:10,279,18-39,Male
814,542,Rachel RYAN,03:22:17,77,40-49,Female
815,582,Clayton ROWSELL,03:22:28,230,40-49,Male
816,194,Simon CAMPBELL,03:22:29,231,40-49,Male
817,1146,David SUDER,03:22:30,87,50-59,Male
818,93,Marc CASSIDY,03:22:40,232,40-49,Male
819,413,Anthony THAM,03:22:41,88,50-59,Male
820,448,Kayne SCHWAL,03:22:47,280,18-39,Male
821,1397,Pauline VANDENBERG,03:22:53,16,50-59,Female
822,17,Kylie ROYAL MEEHAN,03:23:06,78,40-49,Female
823,247,Jacqui PAPAS,03:23:07,17,50-59,Female
824,1373,Barry LONG,03:23:07,233,40-49,Male
825,1178,Terry CORNALL,03:23:12,18,60-69,Male
826,951,Jessica TROYAHN,03:23:17,79,40-49,Female
827,1556,Mick Goo GILHOOLEY,03:23:18,234,40-49,Male
828,520,Bernard MCPHEE-LAM,03:23:21,281,18-39,Male
829,1302,Fiona NEWTON,03:23:22,18,50-59,Female
830,185,Jon BOOTH,03:23:24,235,40-49,Male
831,681,Tomasz JANOWSKI,03:23:26,236,40-49,Male
832,3603,Adam SMITH,03:23:32,237,40-49,Male
833,1064,Paul MORRIS,03:23:33,282,18-39,Male
834,371,Heidi EDMISTON,03:23:39,80,40-49,Female
835,1083,John CROSBY,03:23:40,19,60-69,Male
836,487,Chelsea LOERAND,03:23:43,107,18-39,Female
837,513,Paula ADAM,03:23:44,81,40-49,Female
838,1554,Grant PADULA,03:23:50,20,60-69,Male
839,3454,Hannah MADGE,03:23:54,108,18-39,Female
840,335,Christopher KING,03:23:55,21,60-69,Male
841,1114,Ying ZHANG,03:23:57,283,18-39,Male
842,300,Michelle FURNISS,03:23:59,82,40-49,Female
843,1492,Lauren FREE,03:24:00,83,40-49,Female
844,1007,Natalie OLDHAM,03:24:06,109,18-39,Female
845,875,Sonja BERMES,03:24:14,19,50-59,Female
846,1192,Nadia SMITH,03:24:17,110,18-39,Female
847,1005,Mathew LEE,03:24:19,284,18-39,Male
848,401,Emma JONES,03:24:19,111,18-39,Female
849,406,Diana ZANNINO,03:24:22,84,40-49,Female
850,76,Scott CLARE,03:24:22,238,40-49,Male
851,3448,Derek KUMS,03:24:23,239,40-49,Male
852,1491,Adam KRUIZE,03:24:24,285,18-39,Male
853,694,Kate BLANCO,03:24:24,6,60-69,Female
854,616,Rebecca COWIE,03:24:24,85,40-49,Female
855,3480,Yaqiong WU,03:24:31,20,50-59,Female
856,1536,Tristram WILLIAMS,03:24:44,240,40-49,Male
857,703,Luke MCDOUGALL,03:24:52,286,18-39,Male
858,530,Danny BRAZZALE,03:24:53,241,40-49,Male
859,103,Peter ZIENAU,03:24:55,89,50-59,Male
860,936,Jim POUSSARD,03:25:02,242,40-49,Male
861,1120,Daniel BRUECKNER,03:25:04,90,50-59,Male
862,848,John BAUER,03:25:04,22,60-69,Male
863,1138,Georg THOMAS,03:25:07,243,40-49,Male
864,71,Jane KAVENAGH,03:25:07,86,40-49,Female
865,863,Kate MCINTOSH,03:25:07,87,40-49,Female
866,983,Megan ZAKARIA,03:25:15,112,18-39,Female
867,3495,Jai KEIGHERY,03:25:17,287,18-39,Male
868,81,Max HANLON,03:25:18,288,18-39,Male
869,1090,Jon MCINTOSH,03:25:18,244,40-49,Male
870,545,Stefan KISSER,03:25:19,91,50-59,Male
871,496,Miranda CHAPMAN,03:25:21,113,18-39,Female
872,3566,Stavros MICHAEL,03:25:22,289,18-39,Male
873,374,Jon LIPTON,03:25:22,245,40-49,Male
874,1281,Darren GRAINGER,03:25:23,92,50-59,Male
875,876,Wendy MASTERS,03:25:26,21,50-59,Female
876,560,Sara NELSON,03:25:28,114,18-39,Female
877,669,Ian TWITE,03:25:33,23,60-69,Male
878,1186,Peta SIACCI,03:25:41,88,40-49,Female
879,704,Aaron BUXTON-RELLA,03:25:44,246,40-49,Male
880,677,Megan ELIZABETH,03:25:45,89,40-49,Female
881,1049,Callum YULE,03:25:46,290,18-39,Male
882,714,Michelle JOISON,03:25:52,22,50-59,Female
883,253,Peter KIPRILLIS,03:26:02,93,50-59,Male
884,1050,Ruth EVANS,03:26:02,90,40-49,Female
885,453,Stephen MCCOY,03:26:02,94,50-59,Male
886,450,Lynette BEARD,03:26:08,23,50-59,Female
887,3477,Milan GRECO,03:26:10,291,18-39,Male
888,526,Sonya DALGLIESH,03:26:12,24,50-59,Female
889,3581,Catherine PAPADOPOULOS,03:26:25,91,40-49,Female
890,558,Andrew WILLIAMS,03:26:27,24,60-69,Male
891,944,Mik LEYONHJELM,03:26:33,115,18-39,Female
892,957,Tahlia ESPENSCHIED,03:26:33,116,18-39,Female
893,943,Zac ROUSE,03:26:33,292,18-39,Male
894,539,Krunal SANGANI,03:26:33,247,40-49,Male
895,3548,Heath WATKINSON,03:26:34,95,50-59,Male
896,492,Anita MOY,03:26:35,117,18-39,Female
897,3488,Chris HORAN,03:26:37,96,50-59,Male
898,1265,Grant SCURRY,03:26:38,25,60-69,Male
899,3444,Tanya FIORE-YATOMI,03:26:38,25,50-59,Female
900,330,Vanessa MECANOVIC,03:26:48,92,40-49,Female
901,510,Curtis LLOYD-WEBB,03:26:49,97,50-59,Male
902,1476,Malcolm WHITE,03:26:50,98,50-59,Male
903,3505,Wil WYLIE,03:26:54,248,40-49,Male
904,974,Adam READ,03:27:00,99,50-59,Male
905,3578,Kane BROCK,03:27:08,293,18-39,Male
906,1132,Eloise FLETCHER,03:27:10,118,18-39,Female
907,709,Jim POWER,03:27:10,26,60-69,Male
908,584,Aisling POWER,03:27:11,119,18-39,Female
909,3442,Reece HIGHAM,03:27:14,294,18-39,Male
910,339,Tim ALBISTON,03:27:29,295,18-39,Male
911,674,Michelle QUAN,03:27:38,26,50-59,Female
912,3570,Shane LAWTEY,03:27:43,100,50-59,Male
913,1462,Chewy FANG,03:27:43,93,40-49,Female
914,1024,Ka Ching LEE,03:27:46,296,18-39,Male
915,928,Janie SWEENEY,03:27:50,7,60-69,Female
916,992,Damien SHERIDAN,03:27:55,249,40-49,Male
917,238,Patricia BOWMER,03:28:05,27,50-59,Female
918,1510,Alexander KUNDEVSKI,03:28:11,297,18-39,Male
919,583,Zeb PHOENIX,03:28:13,27,60-69,Male
920,836,Luke FARRELL,03:28:15,250,40-49,Male
921,799,Oliver HANSEN,03:28:16,298,18-39,Male
922,397,Stewart OLDMEADOW,03:28:31,251,40-49,Male
923,3491,Gayle COWLING,03:28:31,28,50-59,Female
924,821,Chris WOOTTON,03:28:34,252,40-49,Male
925,315,Sandra EDMUNDS,03:28:34,94,40-49,Female
926,508,Pammie MOONLIGHT,03:28:37,29,50-59,Female
927,808,Travis BRIGGS,03:28:40,253,40-49,Male
928,807,Jill OSBORN,03:28:40,120,18-39,Female
929,1413,Karl STOLTZ,03:28:41,254,40-49,Male
930,1137,Terence MULLER,03:28:42,299,18-39,Male
931,3432,Guillaume GIRAUD,03:28:42,101,50-59,Male
932,1134,Dominique Louis GIRAUD,03:28:42,102,50-59,Male
933,3529,Ellis COURTNEY,03:28:47,121,18-39,Female
934,3530,Daniel FURMSTON,03:28:47,300,18-39,Male
935,42,Nick VARVARIS,03:28:55,28,60-69,Male
936,3543,Tristan HANSEN,03:29:14,301,18-39,Male
937,3514,Rory PIERCE,03:29:25,302,18-39,Male
938,837,Fiona BALDACCHINO,03:29:33,95,40-49,Female
939,1307,Deborah BERNSTEIN,03:29:35,96,40-49,Female
940,404,Steven SCOTT,03:29:47,103,50-59,Male
941,46,Jeremy HARDT,03:29:50,303,18-39,Male
942,225,Adam SIMSON,03:29:51,304,18-39,Male
943,353,Stacie SYMONS,03:29:52,122,18-39,Female
944,258,Emma DOLBY SKINNER,03:29:52,123,18-39,Female
945,658,Jo KIELCZEWSKA,03:29:56,124,18-39,Female
946,1489,Sharon DIXON,03:29:57,97,40-49,Female
947,3521,Brett MARSH,03:30:00,255,40-49,Male
948,463,Bec YEATS,03:30:06,98,40-49,Female
949,351,Mark YEATS,03:30:07,256,40-49,Male
950,275,Victoria HEATHCOTE,03:30:07,99,40-49,Female
951,1148,Mark NESBITT,03:30:10,257,40-49,Male
952,644,Rebecca MICHAU,03:30:21,100,40-49,Female
953,594,Craig WASSENBERG,03:30:22,258,40-49,Male
954,255,Benjamin PIROG,03:30:29,259,40-49,Male
955,191,Julie MCKNIGHT,03:30:31,30,50-59,Female
956,786,Anna HICKEY-MOODY,03:30:34,101,40-49,Female
957,763,Glenn WALLACE,03:30:41,260,40-49,Male
958,843,Stacey BOURKE,03:30:42,102,40-49,Female
959,1041,Daniel GOODMAN,03:30:44,261,40-49,Male
960,976,Tash CAVALLARO,03:30:44,125,18-39,Female
961,80,Erika BEDYN,03:30:55,8,60-69,Female
962,1269,Kim MICHELL,03:30:59,103,40-49,Female
963,259,Larry APRIL,03:31:06,104,50-59,Male
964,390,Anna HAINTZ,03:31:11,126,18-39,Female
965,407,Joshua ROBERTS,03:31:11,305,18-39,Male
966,802,Justin HANSEN,03:31:12,105,50-59,Male
967,142,Gaye WATTS,03:31:18,31,50-59,Female
968,1112,Timothy BOURKE,03:31:27,306,18-39,Male
969,1288,Alexander BOURGAZAS,03:31:32,307,18-39,Male
970,1478,Steve KOULOUMENDAS,03:31:52,308,18-39,Male
971,604,Theresa COLE,03:31:53,104,40-49,Female
972,1285,Sarah RESTUCCIA,03:31:55,127,18-39,Female
973,1291,Lauren BARUTA,03:31:55,128,18-39,Female
974,122,Lisa BANFIELD,03:31:56,32,50-59,Female
975,1193,Raymond ZENG,03:31:59,309,18-39,Male
976,1404,Eloise WALLACE,03:32:08,105,40-49,Female
977,340,Amy WHYTE,03:32:12,129,18-39,Female
978,3431,Timothy LADNER,03:32:12,310,18-39,Male
979,655,Scott BOHAN,03:32:13,311,18-39,Male
980,3508,Daniel BULL,03:32:14,312,18-39,Male
981,5,Richard SIA,03:32:18,313,18-39,Male
982,565,Tracy STEVENS,03:32:20,33,50-59,Female
983,1340,Evan GIAMOUKOGLOU,03:32:21,262,40-49,Male
984,646,Adam HORAN,03:32:34,106,50-59,Male
985,1545,Dayne RENNES,03:32:49,263,40-49,Male
986,1439,Matthew MATIN,03:32:51,264,40-49,Male
987,322,Diana HARTSON,03:32:58,106,40-49,Female
988,1327,Eujeane LEE,03:33:09,130,18-39,Female
989,54,Bret BUTLER,03:33:11,29,60-69,Male
990,1481,Bronwyn NEAL,03:33:25,9,60-69,Female
991,3436,Kai OOI,03:33:33,314,18-39,Male
992,355,Davin BECK,03:33:40,107,50-59,Male
993,587,Rachel RUNDLE,03:33:42,131,18-39,Female
994,11,Stephen PASCUA,03:33:42,265,40-49,Male
995,1437,Jim WRIGHT,03:33:57,315,18-39,Male
996,3561,Mitchell CUMMING,03:34:05,316,18-39,Male
997,276,Pete KAVANAGH,03:34:08,30,60-69,Male
998,232,Victoria HALCHENKO,03:34:09,107,40-49,Female
999,198,Ella PITTOCK,03:34:11,132,18-39,Female
1000,1256,Stephen LYON,03:34:12,317,18-39,Male
1001,656,Omer BEN-MOSHE,03:34:20,266,40-49,Male
1002,759,Angela STELLA,03:34:24,108,40-49,Female
1003,877,Liz MILLSOM,03:34:30,34,50-59,Female
1004,456,Alex BOLONJA,03:34:31,109,40-49,Female
1005,933,Melissa WORTH,03:34:32,110,40-49,Female
1006,1086,Charlotte HOWSON,03:34:40,133,18-39,Female
1007,231,Heather ROUND,03:34:41,35,50-59,Female
1008,540,Emma STODDARD,03:34:45,134,18-39,Female
1009,380,Elizabeth SELIM,03:34:46,135,18-39,Female
1010,1521,Julia GELLATLY,03:34:47,111,40-49,Female
1011,235,Bruce COOKE,03:34:48,267,40-49,Male
1012,3601,Jesse BLOWERS,03:34:51,268,40-49,Male
1013,95,Jacqui RIDGWAY,03:34:55,112,40-49,Female
1014,548,Samantha BURTON,03:34:55,136,18-39,Female
1015,892,Donna SMITH,03:35:06,36,50-59,Female
1016,1068,Despi OCONNOR,03:35:11,37,50-59,Female
1017,572,Ree GRAHAM,03:35:11,38,50-59,Female
1018,764,Ashley MILLS,03:35:14,269,40-49,Male
1019,1541,Dan NEAVE,03:35:17,270,40-49,Male
1020,896,Jarrod BAILEY,03:35:24,271,40-49,Male
1021,1102,Melissa MAWBY,03:35:25,137,18-39,Female
1022,972,Sarah LOWE,03:35:29,113,40-49,Female
1023,906,Robert FABRI,03:35:33,272,40-49,Male
1024,3523,Damian MCINTOSH,03:35:33,318,18-39,Male
1025,3446,Tilla BUDEN,03:35:44,114,40-49,Female
1026,3449,Madi JONES,03:35:44,138,18-39,Female
1027,408,Carissa SOUROOP,03:35:45,115,40-49,Female
1028,428,Michelle CHAPMAN,03:35:50,139,18-39,Female
1029,568,Nicole BOURKE,03:35:50,116,40-49,Female
1030,886,Adam ROSE,03:36:11,108,50-59,Male
1031,1416,Shane GILLARD,03:36:21,319,18-39,Male
1032,105,D'nes EDEN,03:36:39,117,40-49,Female
1033,112,Joanne PARSONS,03:36:52,118,40-49,Female
1034,731,Matilda HAAS,03:36:56,119,40-49,Female
1035,1095,John ROSS-JONES,03:36:57,273,40-49,Male
1036,1023,Barb EASTWOOD,03:37:07,39,50-59,Female
1037,713,Robert ARTHURSON,03:37:10,109,50-59,Male
1038,3593,Evan HARDY,03:37:34,320,18-39,Male
1039,746,David NICHOLSON,03:37:35,274,40-49,Male
1040,3433,Vaughn HINDLE,03:37:42,275,40-49,Male
1041,1410,Diego Fernando PARRA SERNA,03:37:43,276,40-49,Male
1042,51,Adam EVANS,03:37:45,110,50-59,Male
1043,1014,Cal WADE,03:37:54,321,18-39,Male
1044,1273,Adele WANG,03:37:54,120,40-49,Female
1045,1021,Elizabeth HOWE,03:37:59,140,18-39,Female
1046,768,Wayne MACK,03:38:01,277,40-49,Male
1047,1079,David ABELA,03:38:20,111,50-59,Male
1048,157,Sophie SULLIVAN,03:38:20,40,50-59,Female
1049,1485,Neeraj DAS,03:38:21,278,40-49,Male
1050,1104,Jiong KANG,03:38:25,121,40-49,Female
1051,1518,Ben KAYE,03:38:35,322,18-39,Male
1052,1028,Alexa BRIODY,03:38:35,141,18-39,Female
1053,700,Jasmina BOJADZIEVA,03:38:36,122,40-49,Female
1054,121,Andres STEIN,03:38:36,279,40-49,Male
1055,779,Brad ADRICHEM,03:38:40,280,40-49,Male
1056,1107,Qiao LIANG,03:38:42,142,18-39,Female
1057,1103,Lei WU,03:38:44,281,40-49,Male
1058,1294,Jemma STUBBS,03:38:55,143,18-39,Female
1059,1290,Joan COTTER,03:38:56,144,18-39,Female
1060,501,Ben FLEISNER,03:39:16,282,40-49,Male
1061,1292,Matthew CLIPSTONE,03:39:27,323,18-39,Male
1062,1170,Alice MOORE,03:39:27,145,18-39,Female
1063,1127,Jay JOHNSTONE,03:39:37,324,18-39,Male
1064,766,Katherine BROWN,03:39:38,41,50-59,Female
1065,1208,Susan J KERR,03:39:52,10,60-69,Female
1066,651,Samantha TODERO,03:39:56,42,50-59,Female
1067,1349,Rachel TRAVICA,03:40:04,146,18-39,Female
1068,1031,Katrina HALL,03:40:10,43,50-59,Female
1069,314,Kate OLDMEADOW,03:40:12,123,40-49,Female
1070,576,Claire BARTLETT,03:40:12,124,40-49,Female
1071,168,Laura GOONAN,03:40:13,125,40-49,Female
1072,441,Kylie MAHONEY,03:40:13,147,18-39,Female
1073,312,Sally CURTIS,03:40:13,126,40-49,Female
1074,1046,Keren TINDLEY,03:40:14,44,50-59,Female
1075,512,Kaajal FOX,03:40:14,127,40-49,Female
1076,1310,Tracy JENSEN,03:40:19,45,50-59,Female
1077,1312,Kylie COOPER,03:40:20,128,40-49,Female
1078,586,Sarah WILLIAMSON,03:40:20,148,18-39,Female
1079,135,Michael WINTERTON,03:40:20,1,70+,Male
1080,563,Paul TAYLOR,03:40:22,283,40-49,Male
1081,1325,Emily STOKES,03:40:28,149,18-39,Female
1082,605,Rhonda STAFFORD,03:40:30,11,60-69,Female
1083,3443,Natalie HAYTER,03:40:32,46,50-59,Female
1084,966,Catherine OSADNIK,03:40:53,129,40-49,Female
1085,1509,Ali SIMPSON,03:40:58,150,18-39,Female
1086,922,Christie BEECH,03:40:58,130,40-49,Female
1087,833,Sarah HONAN-BARNES,03:40:59,131,40-49,Female
1088,547,Chris PARKER,03:40:59,31,60-69,Male
1089,490,Ivana JOVANOVSKI,03:41:13,151,18-39,Female
1090,128,Susan GEDDES,03:41:21,132,40-49,Female
1091,179,Chris GREEN,03:41:22,284,40-49,Male
1092,774,Marcelle HERRICK,03:41:27,47,50-59,Female
1093,327,Carolyn GILCRIST,03:41:33,152,18-39,Female
1094,899,Lisa BRODIE,03:41:39,153,18-39,Female
1095,573,Gabrielle KOPKE,03:41:44,48,50-59,Female
1096,1263,Jane YOUNG,03:41:48,133,40-49,Female
1097,1179,Mark HANSON,03:41:49,112,50-59,Male
1098,1010,Melanie BORG,03:42:03,154,18-39,Female
1099,161,Kirsten EMES,03:42:07,155,18-39,Female
1100,233,Roger SMALL,03:42:11,285,40-49,Male
1101,402,Erin GARNER,03:42:11,156,18-39,Female
1102,439,Libby SANDY,03:42:14,49,50-59,Female
1103,995,Louise DUNSMUIR,03:42:29,50,50-59,Female
1104,1498,Natalie KINSELLA,03:42:41,134,40-49,Female
1105,217,Emma FLETCHER,03:42:42,157,18-39,Female
1106,396,Michaela BRUCE,03:42:43,135,40-49,Female
1107,3437,Vanesa PAICE,03:42:46,136,40-49,Female
1108,880,Dean ALLEY,03:42:47,113,50-59,Male
1109,1018,Hali VAN NIEL,03:42:50,158,18-39,Female
1110,321,Caroline LACEY,03:42:58,137,40-49,Female
1111,1152,Megan PHELPS,03:43:00,138,40-49,Female
1112,878,Allara WALSH-HOWE,03:43:02,159,18-39,Female
1113,133,Kim KEYSERS,03:43:03,51,50-59,Female
1114,131,Jo PARKINSON,03:43:03,52,50-59,Female
1115,129,Kylie FLUDE,03:43:04,139,40-49,Female
1116,361,Rebecca SMITH,03:43:08,140,40-49,Female
1117,3600,Claire RUEDIN,03:43:18,141,40-49,Female
1118,701,Sonia ROBINSON,03:43:18,142,40-49,Female
1119,988,Cindy SYMONS,03:43:20,143,40-49,Female
1120,1234,Mandy ELLINGHAM,03:43:44,144,40-49,Female
1121,338,Rick LEE,03:43:48,325,18-39,Male
1122,1493,Zoe CANNELL,03:43:59,160,18-39,Female
1123,986,Teri POWER,03:44:06,161,18-39,Female
1124,221,Hamish SLEE,03:44:10,326,18-39,Male
1125,1042,Kate THOMSON,03:44:11,53,50-59,Female
1126,1354,Karen HAYES,03:44:14,54,50-59,Female
1127,593,Martin TRIVETT,03:44:18,114,50-59,Male
1128,440,Andy TAM,03:44:23,327,18-39,Male
1129,347,Luke TELLIS,03:44:27,328,18-39,Male
1130,282,Eleanor TAYLOR,03:44:33,162,18-39,Female
1131,1056,Alison LETTS,03:44:47,12,60-69,Female
1132,963,John SIMPSON,03:44:54,115,50-59,Male
1133,248,Gary HALL,03:45:02,116,50-59,Male
1134,1318,Douglas TAUPIN,03:45:02,32,60-69,Male
1135,223,Michelle BEHREND,03:45:02,163,18-39,Female
1136,1008,Jarad HEATH,03:45:06,286,40-49,Male
1137,1247,Rosa GOOD,03:45:13,145,40-49,Female
1138,517,Stacey HARFIELD,03:45:19,146,40-49,Female
1139,1441,David NOWLAN,03:45:23,287,40-49,Male
1140,840,Miranda LEW,03:45:27,164,18-39,Female
1141,872,Jeremy BARTAK,03:45:29,288,40-49,Male
1142,871,Kylie MCINNES,03:45:29,165,18-39,Female
1143,1054,Melissa STEBBINS,03:45:39,55,50-59,Female
1144,403,Lucinda SCOTT,03:45:41,56,50-59,Female
1145,56,Jane KAHLER,03:45:42,147,40-49,Female
1146,827,Chris AVISON,03:45:47,329,18-39,Male
1147,1362,Ben RUDDICK,03:45:50,289,40-49,Male
1148,864,Carmel PARDY,03:45:55,57,50-59,Female
1149,457,Rob HAYLES,03:46:03,117,50-59,Male
1150,252,Nikki SCHWARZ,03:46:03,148,40-49,Female
1151,458,Liz HAYLES,03:46:04,149,40-49,Female
1152,621,Zoe LECHTE,03:46:08,166,18-39,Female
1153,360,Elisse GATELY,03:46:12,150,40-49,Female
1154,1006,Lorenna HUNTER,03:46:19,167,18-39,Female
1155,92,Ryan MCKENZIE,03:46:19,290,40-49,Male
1156,634,Vicki CARRINGTON,03:46:25,168,18-39,Female
1157,1526,Yee Vien NG,03:46:40,169,18-39,Female
1158,50,Brad CLAYDEN,03:46:45,118,50-59,Male
1159,3518,Christian SCHWAERZLER,03:47:02,119,50-59,Male
1160,825,Marc IANZANO,03:47:05,330,18-39,Male
1161,823,Liam PALOMBA,03:47:06,331,18-39,Male
1162,186,David ADAMS,03:47:08,120,50-59,Male
1163,182,Julie AZZOPARDI,03:47:15,58,50-59,Female
1164,443,Natalie GRIFFIN,03:47:15,151,40-49,Female
1165,905,Gillian FABRI,03:47:34,152,40-49,Female
1166,719,Tania HOUGHTON,03:47:34,59,50-59,Female
1167,546,Elizabeth BELL,03:47:43,170,18-39,Female
1168,881,Sarah MCCONNELL,03:47:43,153,40-49,Female
1169,445,Nicki CURTIS,03:47:48,154,40-49,Female
1170,3473,Norman WORKMAN,03:47:56,121,50-59,Male
1171,1252,Nicole MOORE,03:47:56,155,40-49,Female
1172,3500,Yvonne BULL,03:48:01,60,50-59,Female
1173,1330,Jeremy NORTH,03:48:02,291,40-49,Male
1174,1438,Jon LIM,03:48:03,292,40-49,Male
1175,1460,Stephen DOHERTY,03:48:05,293,40-49,Male
1176,336,Andrew PRATER,03:48:12,294,40-49,Male
1177,982,Stephen CAMPBELL,03:48:15,122,50-59,Male
1178,519,Chris GOLOMB,03:48:39,295,40-49,Male
1179,600,Jen HABJAN,03:49:04,156,40-49,Female
1180,15,Michelle CHAN,03:49:05,157,40-49,Female
1181,592,Emily FITZ,03:49:06,158,40-49,Female
1182,1287,Melissa BLACKFORD,03:49:07,159,40-49,Female
1183,313,Neal BARBER,03:49:16,33,60-69,Male
1184,914,Graeme QUINLAN,03:49:31,296,40-49,Male
1185,97,Jennifer QUINLAN,03:49:32,171,18-39,Female
1186,1225,Melissa THEK,03:49:45,160,40-49,Female
1187,1040,Kim JOHNSTONE,03:50:01,61,50-59,Female
1188,1306,Peter CHAN,03:50:22,297,40-49,Male
1189,665,Melissa PULLEN,03:50:23,172,18-39,Female
1190,1030,Aaron MCDONALD,03:50:29,298,40-49,Male
1191,1484,Shannon PRATT,03:50:32,332,18-39,Male
1192,1253,Caroline OVERBEEK,03:50:38,161,40-49,Female
1193,67,Natalie STONE,03:50:48,162,40-49,Female
1194,777,Monique JOHNSTONE,03:50:56,163,40-49,Female
1195,996,Caroline TAYLOR,03:51:02,173,18-39,Female
1196,839,Jane HEMMINGS,03:51:11,62,50-59,Female
1197,716,Lara ATKINSON,03:51:13,63,50-59,Female
1198,181,Anya LLOYD-SMITH,03:51:29,164,40-49,Female
1199,3532,James CURTIN,03:51:37,333,18-39,Male
1200,1297,Danny MCCARTHY,03:51:41,334,18-39,Male
1201,1452,Kipley SULLIVAN,03:51:44,174,18-39,Female
1202,1272,Chris FIRTH,03:51:48,123,50-59,Male
1203,1279,Travis FIRTH,03:51:48,299,40-49,Male
1204,696,Rick BAILES,03:51:54,34,60-69,Male
1205,648,Kira DUNCAN,03:51:57,175,18-39,Female
1206,306,Susan FINDLAY TICKNER,03:52:06,64,50-59,Female
1207,474,John BENNETT,03:52:07,124,50-59,Male
1208,1331,Gabriele HARDT,03:52:08,13,60-69,Female
1209,28,Brad BOYLE,03:52:09,35,60-69,Male
1210,1425,Rebecca ONEILL,03:52:17,176,18-39,Female
1211,1047,Kelsey WILLIAMS,03:52:17,177,18-39,Female
1212,927,Catherine ANTCLIFF,03:52:18,178,18-39,Female
1213,1542,Kate BIRRELL,03:52:29,65,50-59,Female
1214,1190,Dan TYNAN,03:52:55,335,18-39,Male
1215,1278,Anna MARTIN,03:52:55,179,18-39,Female
1216,521,Amber SIMMONS,03:53:10,165,40-49,Female
1217,1172,Sarah MCWILLIAMS,03:53:10,166,40-49,Female
1218,652,Ruth JEANES,03:53:36,167,40-49,Female
1219,747,Kerry TRANTER,03:53:37,14,60-69,Female
1220,262,Amy HUVA,03:53:39,180,18-39,Female
1221,973,Rosetta DÆAMICO,03:53:46,66,50-59,Female
1222,1016,Paige PARTINGTON,03:53:48,181,18-39,Female
1223,268,Chris FURLONG,03:54:05,336,18-39,Male
1224,295,Ron BENNETT,03:54:06,2,70+,Male
1225,319,Karen VOS,03:54:26,182,18-39,Female
1226,12,Sharon LEAHY,03:54:39,67,50-59,Female
1227,240,Brendan FOLEY,03:54:41,125,50-59,Male
1228,790,Raja ASTON,03:54:47,68,50-59,Female
1229,1315,John MADDEN,03:54:58,36,60-69,Male
1230,647,Kimberley WALKER,03:54:59,183,18-39,Female
1231,1406,Wendy JORDAN,03:55:10,69,50-59,Female
1232,814,Geoff MARKLEY,03:55:10,126,50-59,Male
1233,1217,Stephen HANNON,03:55:13,37,60-69,Male
1234,781,Suki ELLISON-WHYTE,03:55:18,168,40-49,Female
1235,642,Nicola WRIGHT,03:55:30,70,50-59,Female
1236,283,Phillip CAMERON,03:55:44,127,50-59,Male
1237,1057,Kieron LETTS,03:55:45,38,60-69,Male
1238,712,Marie MAGUIRE,03:55:50,1,70+,Female
1239,375,Rachel HARRIS,03:55:50,15,60-69,Female
1240,415,Ben STEVENS,03:56:15,128,50-59,Male
1241,148,Hayden MCNAMARA,03:56:15,129,50-59,Male
1242,913,Chris LONTOS,03:56:16,39,60-69,Male
1243,947,Matthew BALLARD,03:56:29,300,40-49,Male
1244,479,Kara LOHMAN,03:56:37,169,40-49,Female
1245,287,Shane HIGGINS,03:56:54,301,40-49,Male
1246,1361,Harley TOYLE,03:57:08,337,18-39,Male
1247,1359,Melissa AUSTIN,03:57:08,184,18-39,Female
1248,317,Gemma KITSON,03:57:11,185,18-39,Female
1249,139,Adam NEEDHAM,03:57:12,130,50-59,Male
1250,1322,Andrew JOHNSTON,03:57:12,302,40-49,Male
1251,346,Greg SMITH,03:57:45,303,40-49,Male
1252,562,Donna MARKWICK,03:58:02,71,50-59,Female
1253,971,Ramesh GAMMUNE,03:58:10,338,18-39,Male
1254,364,Albin HESS,03:58:10,40,60-69,Male
1255,1020,Thomas KERNICK,03:58:11,339,18-39,Male
1256,285,Jason SHAW,03:58:13,131,50-59,Male
1257,631,Kelda PHILLIPS,03:58:14,170,40-49,Female
1258,220,Paige JESSULAT,03:58:19,186,18-39,Female
1259,244,Andrew MOLDRICH,03:58:19,340,18-39,Male
1260,1036,Petra SPITERI,03:58:24,72,50-59,Female
1261,3463,Yvette OUDMAN,03:58:29,73,50-59,Female
1262,502,Pete JOHNS,03:58:44,304,40-49,Male
1263,1380,Abdulla FAIROOSH,03:58:49,305,40-49,Male
1264,734,Wendy LINES,03:59:02,74,50-59,Female
1265,555,Glenn VINAR,03:59:02,341,18-39,Male
1266,590,Lorna VINAR,03:59:02,171,40-49,Female
1267,1353,Angelo GAUDIANO,03:59:03,132,50-59,Male
1268,567,Alysha DUNCAN,03:59:03,187,18-39,Female
1269,214,Kathleen KENT,03:59:04,188,18-39,Female
1270,1133,Joseph TOBIAS,03:59:12,342,18-39,Male
1271,581,Paul SIER,03:59:18,306,40-49,Male
1272,580,Toni SIER,03:59:31,172,40-49,Female
1273,1037,Bronwyn LESCHKE,03:59:41,16,60-69,Female
1274,1089,Renee HIRST,03:59:42,189,18-39,Female
1275,395,Kirsten MAPLESTONE,03:59:46,173,40-49,Female
1276,274,Andrea CARMODY,03:59:53,174,40-49,Female
1277,178,Brian DONLEVY,03:59:59,133,50-59,Male
1278,3504,CUTSamuel ESMORE,00:00:00,343,18-39,Male
1279,486,CUTDoug NELSON,00:00:00,344,18-39,Male
1280,1334,CUTShuk Ting YAM,00:00:00,190,18-39,Female
1281,819,CUTPhilippe DELECHENEAU,00:00:00,134,50-59,Male
1282,718,CUTPeter CUTTS,00:00:00,135,50-59,Male
1283,190,CUTKathleen DULLAGHAN,00:00:00,175,40-49,Female
1284,272,CUTPaul SMYTHE,00:00:00,41,60-69,Male
1285,460,CUTNadine DOBELL,00:00:00,75,50-59,Female
1286,1357,CUTRui ZHANG,00:00:00,191,18-39,Female
1287,310,CUTClaire BARNETSON,00:00:00,176,40-49,Female
1288,111,CUTSharon CAMPBELL,00:00:00,76,50-59,Female
1289,459,CUTFelicity BEASLEY,00:00:00,77,50-59,Female
1290,727,CUTRachael BRICK,00:00:00,177,40-49,Female
1291,948,CUTCecile CARBONNEL,00:00:00,178,40-49,Female
1292,629,CUTBelinda FITHIE,00:00:00,179,40-49,Female
1293,893,CUTColleen WHITE,00:00:00,78,50-59,Female
1294,551,CUTKate SMITH,00:00:00,180,40-49,Female
1295,921,CUTFrank PUPIC,00:00:00,136,50-59,Male
1296,3459,CUTBrian LAM,00:00:00,345,18-39,Male
1297,246,CUTJoanna MAIDMENT,00:00:00,79,50-59,Female
1298,1336,CUTLeslie TRUONG,00:00:00,307,40-49,Male
1299,1075,CUTJayne D'ARCY,00:00:00,181,40-49,Female
1300,561,CUTAndrew BEARSLEY,00:00:00,137,50-59,Male
1301,1214,CUTMatt MOORE,00:00:00,308,40-49,Male
1302,661,CUTTegan ROSE,00:00:00,182,40-49,Female
1303,388,CUTShona WESTON,00:00:00,192,18-39,Female
1304,299,CUTBelinda PARR,00:00:00,183,40-49,Female
