Race No,Net Time,start time
1371,1:47:05,7:00:00 AM
1074,1:47:16,7:00:00 AM
1363,1:50:22,7:00:00 AM
617,1:50:48,7:00:00 AM
305,1:52:38,7:00:00 AM
646,1:56:35,7:00:00 AM
1023,1:57:02,7:00:00 AM
178,1:58:18,7:00:00 AM
1425,1:59:14,7:00:00 AM
1389,2:01:03,11:00:00 AM
970,2:01:32,7:00:00 AM
1435,2:01:41,7:00:00 AM
39,2:01:46,7:00:00 AM
1068,2:02:12,7:00:00 AM
1362,2:04:03,7:00:00 AM
7504,2:04:57,7:00:00 AM
774,2:05:17,7:00:00 AM
1355,2:05:28,7:00:00 AM
609,2:06:30,7:00:00 AM
148,2:06:55,7:00:00 AM
154,2:07:02,7:00:00 AM
786,2:07:04,7:11:00 AM
352,2:07:11,7:00:00 AM
449,2:07:30,7:00:00 AM
273,2:07:35,7:00:00 AM
468,2:08:08,7:00:00 AM
962,2:08:21,7:00:00 AM
7534,2:08:41,7:01:00 AM
754,2:09:10,7:00:00 AM
516,2:09:11,7:00:00 AM
558,2:09:26,7:00:00 AM
7539,2:10:29,7:00:00 AM
7569,2:10:54,7:00:00 AM
675,2:11:00,7:00:00 AM
1346,2:11:19,7:00:00 AM
82,2:11:49,7:00:00 AM
1440,2:12:01,7:00:00 AM
249,2:12:19,7:01:00 AM
526,2:12:30,7:00:00 AM
978,2:12:44,7:00:00 AM
404,2:12:57,7:00:00 AM
509,2:13:05,7:00:00 AM
921,2:13:22,7:00:00 AM
407,2:13:56,7:00:00 AM
1360,2:15:49,7:00:00 AM
1113,2:16:15,7:00:00 AM
7496,2:16:40,7:01:00 AM
1114,2:16:43,7:00:00 AM
1249,2:16:48,7:00:00 AM
55,2:17:36,7:01:00 AM
7521,2:17:47,7:00:00 AM
242,2:17:57,7:00:00 AM
227,2:18:00,7:01:00 AM
1348,2:18:03,7:02:00 AM
7523,2:18:20,7:00:00 AM
1221,2:18:34,7:00:00 AM
1252,2:18:40,7:00:00 AM
7565,2:18:45,7:00:00 AM
157,2:18:51,7:00:00 AM
365,2:18:55,7:01:00 AM
1407,2:19:18,7:00:00 AM
7513,2:19:30,7:01:00 AM
291,2:19:36,7:01:00 AM
137,2:20:04,7:00:00 AM
20,2:20:06,7:00:00 AM
7492,2:20:13,7:00:00 AM
7546,2:20:28,7:08:00 AM
7503,2:21:27,7:00:00 AM
1053,2:21:49,7:00:00 AM
19,2:21:57,7:00:00 AM
1297,2:22:06,7:02:00 AM
272,2:22:15,7:01:00 AM
7589,2:22:30,7:00:00 AM
1397,2:22:31,7:00:00 AM
1115,2:22:39,7:02:00 AM
180,2:22:53,7:03:00 AM
7587,2:23:00,7:00:00 AM
822,2:23:09,7:04:00 AM
607,2:23:19,7:00:00 AM
480,2:23:27,7:00:00 AM
451,2:23:41,7:00:00 AM
672,2:23:48,7:00:00 AM
1281,2:23:49,7:00:00 AM
7590,2:24:58,7:02:00 AM
1153,2:25:04,7:00:00 AM
1448,2:25:19,7:02:00 AM
415,2:25:23,7:01:00 AM
1234,2:25:39,7:00:00 AM
1380,2:25:42,7:10:00 AM
909,2:25:54,7:09:00 AM
7547,2:25:55,7:01:00 AM
785,2:26:08,7:00:00 AM
858,2:26:09,7:00:00 AM
1278,2:26:15,7:01:00 AM
819,2:26:37,7:00:00 AM
7595,2:26:42,7:01:00 AM
7562,2:26:43,7:07:00 AM
1418,2:26:48,7:00:00 AM
1225,2:26:50,7:02:00 AM
257,2:26:54,7:07:00 AM
38,2:27:03,7:00:00 AM
947,2:27:14,7:01:00 AM
719,2:27:22,7:01:00 AM
749,2:27:25,7:01:00 AM
7497,2:27:49,7:02:00 AM
7528,2:27:51,7:00:00 AM
1102,2:28:04,7:00:00 AM
1184,2:28:07,7:00:00 AM
428,2:28:08,7:01:00 AM
929,2:28:12,7:00:00 AM
7515,2:28:13,7:02:00 AM
1131,2:28:13,7:05:00 AM
88,2:28:15,7:00:00 AM
714,2:28:36,7:01:00 AM
1069,2:28:59,7:00:00 AM
681,2:29:11,7:01:00 AM
7584,2:29:12,7:01:00 AM
7491,2:29:13,7:01:00 AM
368,2:29:31,7:02:00 AM
1186,2:29:52,7:01:00 AM
1081,2:29:54,7:00:00 AM
738,2:29:58,7:06:00 AM
1381,2:30:01,7:01:00 AM
1343,2:30:07,7:01:00 AM
99,2:30:20,7:02:00 AM
232,2:30:21,7:04:00 AM
1117,2:30:26,7:02:00 AM
1383,2:30:35,7:00:00 AM
1240,2:30:42,7:03:00 AM
7607,2:30:46,7:01:00 AM
797,2:30:49,7:00:00 AM
748,2:30:59,7:05:00 AM
853,2:31:00,7:02:00 AM
240,2:31:13,7:05:00 AM
881,2:31:23,7:00:00 AM
369,2:31:26,7:02:00 AM
289,2:31:27,7:03:00 AM
442,2:31:35,7:00:00 AM
394,2:31:35,7:00:00 AM
837,2:31:47,7:00:00 AM
1017,2:31:52,7:01:00 AM
447,2:32:07,7:03:00 AM
727,2:32:15,7:00:00 AM
683,2:32:20,7:01:00 AM
141,2:32:24,7:04:00 AM
908,2:32:24,7:02:00 AM
631,2:32:27,7:03:00 AM
564,2:32:30,7:11:00 AM
680,2:32:53,7:01:00 AM
960,2:33:02,7:00:00 AM
7596,2:33:15,7:02:00 AM
7489,2:33:24,7:00:00 AM
169,2:33:28,7:01:00 AM
7527,2:33:35,7:01:00 AM
1428,2:33:46,7:02:00 AM
1018,2:33:47,7:00:00 AM
491,2:33:48,7:00:00 AM
888,2:33:51,7:03:00 AM
453,2:33:54,7:02:00 AM
638,2:34:00,7:00:00 AM
662,2:34:01,7:05:00 AM
1420,2:34:06,7:02:00 AM
195,2:34:17,7:02:00 AM
1273,2:34:31,7:02:00 AM
735,2:34:36,7:01:00 AM
68,2:34:42,7:04:00 AM
1143,2:34:42,7:01:00 AM
163,2:34:47,7:04:00 AM
1049,2:34:47,7:02:00 AM
117,2:34:52,7:01:00 AM
7575,2:34:54,7:00:00 AM
7553,2:34:56,7:02:00 AM
679,2:35:03,7:06:00 AM
70,2:35:04,7:01:00 AM
920,2:35:08,7:01:00 AM
985,2:35:11,7:07:00 AM
7559,2:35:18,7:02:00 AM
7557,2:35:21,7:00:00 AM
1447,2:35:27,7:05:00 AM
109,2:35:28,7:02:00 AM
1378,2:35:30,7:00:00 AM
7571,2:35:34,7:00:00 AM
7533,2:35:40,7:05:00 AM
1190,2:36:15,7:00:00 AM
1434,2:36:30,7:01:00 AM
1324,2:36:30,7:01:00 AM
286,2:36:35,7:13:00 AM
902,2:36:55,7:10:00 AM
1325,2:36:57,7:05:00 AM
1337,2:37:01,7:02:00 AM
7540,2:37:11,7:01:00 AM
1287,2:37:19,7:01:00 AM
835,2:37:20,7:07:00 AM
1040,2:37:23,7:00:00 AM
1356,2:37:27,7:02:00 AM
490,2:37:39,7:00:00 AM
236,2:37:50,7:01:00 AM
140,2:37:55,7:03:00 AM
495,2:38:00,7:02:00 AM
545,2:38:07,7:09:00 AM
492,2:38:13,7:03:00 AM
656,2:38:13,7:06:00 AM
1042,2:38:15,7:01:00 AM
986,2:38:19,7:02:00 AM
444,2:38:22,7:03:00 AM
1438,2:38:29,7:00:00 AM
7481,2:38:44,7:02:00 AM
1290,2:38:50,7:00:00 AM
244,2:39:04,7:04:00 AM
523,2:39:11,7:02:00 AM
431,2:39:15,7:02:00 AM
160,2:39:31,7:13:00 AM
1417,2:39:36,7:03:00 AM
7606,2:39:37,7:01:00 AM
166,2:39:42,7:00:00 AM
1162,2:40:07,7:01:00 AM
511,2:40:15,7:03:00 AM
1286,2:40:16,7:01:00 AM
7593,2:40:19,7:02:00 AM
1099,2:40:22,7:07:00 AM
1412,2:40:22,7:02:00 AM
1423,2:40:44,7:07:00 AM
7552,2:40:49,7:02:00 AM
1167,2:40:56,7:00:00 AM
1209,2:40:59,7:05:00 AM
1205,2:41:00,7:06:00 AM
739,2:41:00,7:05:00 AM
889,2:41:22,7:07:00 AM
1014,2:41:36,7:00:00 AM
1443,2:41:39,7:03:00 AM
1430,2:41:39,7:03:00 AM
999,2:41:39,7:00:00 AM
1137,2:41:40,7:03:00 AM
7530,2:41:45,7:08:00 AM
1235,2:41:45,7:03:00 AM
764,2:41:47,7:08:00 AM
593,2:42:00,7:01:00 AM
700,2:42:08,7:06:00 AM
1166,2:42:08,7:14:00 AM
682,2:42:12,7:03:00 AM
1421,2:42:14,7:03:00 AM
685,2:42:23,7:02:00 AM
1330,2:42:26,7:08:00 AM
875,2:42:31,7:07:00 AM
7564,2:42:39,7:00:00 AM
7561,2:42:42,7:09:00 AM
248,2:42:46,7:01:00 AM
23,2:42:55,7:04:00 AM
469,2:42:59,7:06:00 AM
7511,2:43:01,7:01:00 AM
198,2:43:06,7:09:00 AM
1431,2:43:10,7:08:00 AM
644,2:43:12,7:03:00 AM
1271,2:43:23,7:02:00 AM
616,2:43:25,7:00:00 AM
347,2:43:26,7:02:00 AM
170,2:43:33,7:04:00 AM
688,2:43:40,7:10:00 AM
744,2:43:42,7:09:00 AM
950,2:43:44,7:05:00 AM
976,2:43:45,7:03:00 AM
176,2:43:50,7:09:00 AM
1195,2:43:50,7:00:00 AM
592,2:43:58,7:03:00 AM
376,2:44:01,7:08:00 AM
395,2:44:06,7:01:00 AM
77,2:44:10,7:05:00 AM
514,2:44:14,7:07:00 AM
7484,2:44:15,7:07:00 AM
892,2:44:15,7:06:00 AM
326,2:44:16,7:07:00 AM
1059,2:44:16,7:04:00 AM
1058,2:44:28,7:06:00 AM
7592,2:44:31,7:02:00 AM
1199,2:44:33,7:03:00 AM
22,2:44:34,7:01:00 AM
740,2:44:37,7:05:00 AM
132,2:44:40,7:08:00 AM
856,2:44:41,7:06:00 AM
1026,2:44:56,7:08:00 AM
139,2:44:59,7:01:00 AM
770,2:45:09,7:01:00 AM
659,2:45:19,7:01:00 AM
464,2:45:19,7:05:00 AM
31,2:45:20,7:06:00 AM
129,2:45:22,7:04:00 AM
192,2:45:24,7:04:00 AM
21,2:45:27,7:11:00 AM
650,2:45:34,7:00:00 AM
1104,2:45:37,7:00:00 AM
1257,2:45:43,7:09:00 AM
1305,2:45:43,7:00:00 AM
294,2:45:48,7:02:00 AM
8,2:45:50,7:05:00 AM
1396,2:45:51,7:04:00 AM
639,2:45:57,7:04:00 AM
7520,2:46:01,7:09:00 AM
1227,2:46:01,7:02:00 AM
1196,2:46:03,7:00:00 AM
1148,2:46:05,7:04:00 AM
7476,2:46:10,7:04:00 AM
391,2:46:17,7:05:00 AM
904,2:46:18,7:02:00 AM
149,2:46:18,7:00:00 AM
525,2:46:20,7:02:00 AM
1386,2:46:27,7:02:00 AM
1064,2:46:29,7:02:00 AM
1424,2:46:35,7:13:00 AM
796,2:46:35,7:00:00 AM
959,2:46:41,7:08:00 AM
1314,2:46:42,7:05:00 AM
379,2:46:42,7:08:00 AM
1218,2:46:46,7:03:00 AM
7572,2:46:49,7:06:00 AM
966,2:46:50,7:01:00 AM
1442,2:46:50,7:10:00 AM
825,2:47:07,7:01:00 AM
790,2:47:12,7:03:00 AM
759,2:47:24,7:00:00 AM
7494,2:47:26,7:00:00 AM
777,2:47:38,7:04:00 AM
1409,2:47:43,7:00:00 AM
1044,2:47:43,7:03:00 AM
125,2:47:48,7:16:00 AM
973,2:47:48,7:05:00 AM
1247,2:47:50,7:07:00 AM
720,2:47:55,7:04:00 AM
267,2:48:05,7:04:00 AM
7603,2:48:08,7:01:00 AM
874,2:48:16,7:02:00 AM
1211,2:48:18,7:03:00 AM
1391,2:48:23,7:06:00 AM
457,2:48:24,7:07:00 AM
7543,2:48:25,7:01:00 AM
742,2:48:31,7:05:00 AM
1075,2:48:31,7:02:00 AM
168,2:48:37,7:04:00 AM
1076,2:48:41,7:06:00 AM
722,2:48:41,7:04:00 AM
171,2:48:42,7:06:00 AM
1093,2:48:43,7:01:00 AM
284,2:48:53,7:07:00 AM
669,2:48:55,7:04:00 AM
7490,2:48:58,7:06:00 AM
418,2:48:59,7:09:00 AM
1138,2:49:02,7:02:00 AM
206,2:49:11,7:08:00 AM
712,2:49:17,7:07:00 AM
1439,2:49:24,7:07:00 AM
805,2:49:29,7:00:00 AM
231,2:49:36,7:12:00 AM
86,2:49:43,7:05:00 AM
771,2:49:52,7:01:00 AM
1135,2:49:53,7:08:00 AM
795,2:49:54,7:04:00 AM
1367,2:49:55,7:05:00 AM
1236,2:49:58,7:06:00 AM
699,2:49:58,7:09:00 AM
1029,2:50:02,7:07:00 AM
578,2:50:03,7:06:00 AM
935,2:50:10,7:09:00 AM
226,2:50:30,7:13:00 AM
420,2:50:39,7:04:00 AM
1268,2:50:40,7:14:00 AM
789,2:50:46,7:04:00 AM
482,2:50:47,7:02:00 AM
338,2:50:51,7:00:00 AM
1139,2:50:59,7:06:00 AM
7600,2:51:00,7:13:00 AM
635,2:51:02,7:08:00 AM
1226,2:51:11,7:02:00 AM
1101,2:51:16,7:05:00 AM
1408,2:51:24,7:04:00 AM
7510,2:51:26,7:04:00 AM
7573,2:51:28,7:06:00 AM
942,2:51:29,7:04:00 AM
265,2:51:37,7:03:00 AM
1255,2:51:43,7:05:00 AM
164,2:51:44,7:03:00 AM
400,2:51:50,7:06:00 AM
521,2:51:54,7:03:00 AM
218,2:51:55,7:06:00 AM
1037,2:52:00,7:07:00 AM
1323,2:52:02,7:08:00 AM
1070,2:52:03,7:06:00 AM
550,2:52:06,7:09:00 AM
375,2:52:14,7:03:00 AM
534,2:52:14,7:08:00 AM
456,2:52:19,7:05:00 AM
1344,2:52:22,7:07:00 AM
1132,2:52:23,7:12:00 AM
878,2:52:24,7:14:00 AM
498,2:52:25,7:03:00 AM
85,2:52:26,7:04:00 AM
1122,2:52:27,7:09:00 AM
7532,2:52:28,7:03:00 AM
388,2:52:31,7:03:00 AM
288,2:52:35,7:06:00 AM
386,2:52:40,7:03:00 AM
1228,2:52:46,7:04:00 AM
360,2:52:48,7:01:00 AM
721,2:52:48,7:04:00 AM
596,2:52:57,7:12:00 AM
7586,2:52:58,7:11:00 AM
1329,2:53:00,7:06:00 AM
816,2:53:09,7:15:00 AM
412,2:53:14,7:05:00 AM
918,2:53:14,7:04:00 AM
848,2:53:14,7:10:00 AM
752,2:53:26,7:01:00 AM
310,2:53:32,7:05:00 AM
7479,2:53:43,7:03:00 AM
1147,2:53:43,7:06:00 AM
1020,2:53:45,7:04:00 AM
695,2:53:51,7:07:00 AM
7531,2:53:55,7:05:00 AM
992,2:53:55,7:04:00 AM
401,2:54:02,7:04:00 AM
1304,2:54:02,7:15:00 AM
636,2:54:07,7:08:00 AM
7558,2:54:15,7:14:00 AM
1203,2:54:18,7:07:00 AM
1372,2:54:20,7:06:00 AM
196,2:54:21,7:04:00 AM
71,2:54:22,7:08:00 AM
159,2:54:26,7:07:00 AM
628,2:54:28,7:07:00 AM
629,2:54:28,7:01:00 AM
56,2:54:38,7:12:00 AM
725,2:54:39,7:04:00 AM
811,2:54:45,7:06:00 AM
612,2:54:48,7:05:00 AM
518,2:54:56,7:04:00 AM
756,2:54:56,7:02:00 AM
810,2:54:57,7:02:00 AM
414,2:55:04,7:02:00 AM
710,2:55:04,7:09:00 AM
7524,2:55:08,7:05:00 AM
7529,2:55:10,7:00:00 AM
222,2:55:10,7:13:00 AM
627,2:55:11,7:03:00 AM
7537,2:55:24,7:02:00 AM
1262,2:55:26,7:05:00 AM
384,2:55:26,7:05:00 AM
91,2:55:26,7:05:00 AM
296,2:55:30,7:11:00 AM
1357,2:55:43,7:07:00 AM
324,2:55:44,7:07:00 AM
314,2:55:47,7:06:00 AM
364,2:56:03,7:02:00 AM
7541,2:56:12,7:06:00 AM
871,2:56:13,7:00:00 AM
275,2:56:14,7:14:00 AM
325,2:56:16,7:05:00 AM
809,2:56:17,7:00:00 AM
689,2:56:18,7:00:00 AM
7486,2:56:21,7:01:00 AM
437,2:56:24,7:05:00 AM
751,2:56:25,7:00:00 AM
664,2:56:39,7:05:00 AM
7585,2:56:41,7:01:00 AM
1078,2:56:41,7:02:00 AM
834,2:56:42,7:02:00 AM
1077,2:56:46,7:11:00 AM
684,2:56:49,7:04:00 AM
130,2:56:51,7:10:00 AM
648,2:56:53,7:07:00 AM
817,2:56:55,7:02:00 AM
65,2:56:56,7:08:00 AM
504,2:57:00,7:10:00 AM
259,2:57:07,7:03:00 AM
701,2:57:08,7:02:00 AM
7498,2:57:08,7:07:00 AM
7579,2:57:14,7:06:00 AM
1437,2:57:17,7:12:00 AM
499,2:57:24,7:08:00 AM
221,2:57:24,7:04:00 AM
933,2:57:26,7:05:00 AM
954,2:57:29,7:09:00 AM
93,2:57:34,7:02:00 AM
632,2:57:39,7:05:00 AM
7578,2:57:43,7:12:00 AM
1012,2:57:48,7:11:00 AM
147,2:57:50,7:14:00 AM
230,2:57:51,7:13:00 AM
1223,2:57:52,7:02:00 AM
1394,2:57:53,7:03:00 AM
1422,2:57:57,7:08:00 AM
493,2:57:58,7:02:00 AM
760,2:58:00,7:06:00 AM
411,2:58:07,7:00:00 AM
153,2:58:08,7:07:00 AM
1146,2:58:11,7:12:00 AM
229,2:58:18,7:03:00 AM
917,2:58:29,7:03:00 AM
1445,2:58:30,7:08:00 AM
946,2:58:34,7:00:00 AM
340,2:58:40,7:10:00 AM
625,2:58:49,7:01:00 AM
736,2:58:54,7:02:00 AM
342,2:59:00,7:06:00 AM
64,2:59:00,7:03:00 AM
427,2:59:02,7:10:00 AM
846,2:59:07,7:03:00 AM
905,2:59:08,7:09:00 AM
1374,2:59:09,7:04:00 AM
886,2:59:16,7:04:00 AM
1237,2:59:16,7:06:00 AM
1393,2:59:17,7:12:00 AM
713,2:59:18,7:06:00 AM
345,2:59:24,7:07:00 AM
1307,2:59:34,7:08:00 AM
1306,2:59:37,7:06:00 AM
7576,2:59:52,7:01:00 AM
1173,2:59:54,7:16:00 AM
7487,2:59:58,7:08:00 AM
923,3:00:08,7:05:00 AM
405,3:00:17,7:06:00 AM
798,3:00:27,7:08:00 AM
1342,3:00:28,7:05:00 AM
26,3:00:29,7:08:00 AM
439,3:00:57,7:06:00 AM
1359,3:00:58,7:07:00 AM
7538,3:00:59,7:15:00 AM
945,3:01:00,7:06:00 AM
209,3:01:04,7:03:00 AM
25,3:01:08,7:07:00 AM
1292,3:01:12,7:07:00 AM
1294,3:01:13,7:10:00 AM
367,3:01:13,7:05:00 AM
436,3:01:14,7:06:00 AM
718,3:01:16,7:06:00 AM
1217,3:01:26,7:14:00 AM
1088,3:01:31,7:16:00 AM
517,3:01:32,7:09:00 AM
1141,3:01:36,7:05:00 AM
396,3:01:38,7:05:00 AM
419,3:01:47,7:14:00 AM
1231,3:01:49,7:07:00 AM
1400,3:01:52,7:14:00 AM
74,3:01:57,7:11:00 AM
1127,3:02:02,7:05:00 AM
1261,3:02:05,7:06:00 AM
584,3:02:05,7:09:00 AM
1047,3:02:08,7:03:00 AM
1275,3:02:10,7:03:00 AM
27,3:02:14,7:03:00 AM
7500,3:02:17,7:03:00 AM
285,3:02:18,7:12:00 AM
1039,3:02:25,7:01:00 AM
620,3:02:26,7:16:00 AM
1358,3:02:30,7:15:00 AM
1309,3:02:32,7:08:00 AM
743,3:02:37,7:06:00 AM
778,3:02:42,7:00:00 AM
7567,3:02:59,7:02:00 AM
803,3:03:01,7:11:00 AM
276,3:03:10,7:13:00 AM
532,3:03:10,7:07:00 AM
7545,3:03:11,7:10:00 AM
410,3:03:19,7:12:00 AM
544,3:03:28,7:09:00 AM
1095,3:03:34,7:05:00 AM
1238,3:03:40,7:04:00 AM
54,3:03:44,7:03:00 AM
1194,3:03:46,7:10:00 AM
1382,3:03:47,7:08:00 AM
641,3:03:53,7:03:00 AM
302,3:03:54,7:03:00 AM
850,3:03:58,7:11:00 AM
1260,3:04:00,7:06:00 AM
452,3:04:01,7:14:00 AM
15,3:04:04,7:02:00 AM
1352,3:04:17,7:05:00 AM
43,3:04:25,7:04:00 AM
1387,3:04:25,7:09:00 AM
561,3:04:31,7:14:00 AM
1136,3:04:36,7:02:00 AM
211,3:04:48,7:07:00 AM
1351,3:04:57,7:13:00 AM
1350,3:04:57,7:10:00 AM
1160,3:05:05,7:06:00 AM
801,3:05:05,7:06:00 AM
309,3:05:06,7:08:00 AM
762,3:05:07,7:11:00 AM
1444,3:05:07,7:12:00 AM
993,3:05:08,7:11:00 AM
855,3:05:13,7:10:00 AM
7506,3:05:14,7:05:00 AM
862,3:05:14,7:06:00 AM
7551,3:05:17,7:09:00 AM
1015,3:05:26,7:13:00 AM
7588,3:05:27,7:10:00 AM
101,3:05:28,7:02:00 AM
7549,3:05:37,7:07:00 AM
100,3:05:44,7:15:00 AM
501,3:05:44,7:08:00 AM
845,3:05:44,7:10:00 AM
678,3:05:47,7:10:00 AM
473,3:05:59,7:03:00 AM
1118,3:06:02,7:11:00 AM
104,3:06:07,7:12:00 AM
24,3:06:13,7:14:00 AM
1349,3:06:14,7:04:00 AM
1385,3:06:22,7:06:00 AM
7480,3:06:22,7:08:00 AM
800,3:06:24,7:07:00 AM
7580,3:06:27,7:06:00 AM
1333,3:06:39,7:11:00 AM
1279,3:06:44,7:07:00 AM
63,3:06:44,7:11:00 AM
217,3:06:47,7:07:00 AM
1318,3:06:50,7:07:00 AM
591,3:06:51,7:13:00 AM
755,3:06:53,7:16:00 AM
818,3:06:54,7:12:00 AM
867,3:06:54,7:03:00 AM
844,3:06:57,7:13:00 AM
807,3:06:57,7:13:00 AM
1161,3:07:01,7:07:00 AM
208,3:07:02,7:08:00 AM
37,3:07:04,7:09:00 AM
36,3:07:05,7:09:00 AM
7514,3:07:07,7:00:00 AM
7516,3:07:08,7:00:00 AM
768,3:07:10,7:02:00 AM
271,3:07:24,7:06:00 AM
280,3:07:30,7:12:00 AM
907,3:07:33,7:15:00 AM
1245,3:07:34,7:07:00 AM
1244,3:07:36,7:04:00 AM
1243,3:07:40,7:01:00 AM
7488,3:07:41,7:05:00 AM
172,3:07:44,7:14:00 AM
1415,3:07:47,7:08:00 AM
7554,3:07:47,7:06:00 AM
611,3:08:01,7:10:00 AM
1092,3:08:02,7:12:00 AM
486,3:08:03,7:11:00 AM
18,3:08:03,7:04:00 AM
600,3:08:09,7:04:00 AM
28,3:08:21,7:05:00 AM
1317,3:08:22,7:08:00 AM
552,3:08:32,7:16:00 AM
1120,3:08:33,7:08:00 AM
1289,3:08:33,7:11:00 AM
254,3:08:33,7:13:00 AM
1328,3:08:34,7:09:00 AM
51,3:08:37,7:08:00 AM
1214,3:08:38,7:09:00 AM
990,3:08:45,7:04:00 AM
7512,3:08:52,7:09:00 AM
895,3:08:56,7:13:00 AM
614,3:08:58,7:06:00 AM
542,3:08:59,7:12:00 AM
1130,3:09:06,7:11:00 AM
772,3:09:32,7:03:00 AM
1123,3:09:32,7:06:00 AM
821,3:09:33,7:06:00 AM
336,3:09:34,7:06:00 AM
1429,3:09:36,7:09:00 AM
432,3:09:45,7:09:00 AM
1230,3:09:48,7:07:00 AM
205,3:09:59,7:10:00 AM
1302,3:10:00,7:15:00 AM
637,3:10:08,7:06:00 AM
704,3:10:15,7:10:00 AM
1176,3:10:17,7:10:00 AM
745,3:10:21,7:06:00 AM
802,3:10:26,7:07:00 AM
233,3:10:27,7:02:00 AM
344,3:10:27,7:08:00 AM
7507,3:10:32,7:06:00 AM
108,3:10:34,7:13:00 AM
519,3:10:37,7:09:00 AM
477,3:10:39,7:11:00 AM
734,3:10:39,7:04:00 AM
698,3:10:42,7:08:00 AM
665,3:10:47,7:04:00 AM
7601,3:10:49,7:08:00 AM
355,3:10:54,7:07:00 AM
438,3:10:56,7:06:00 AM
676,3:10:59,7:07:00 AM
191,3:11:07,7:14:00 AM
7597,3:11:20,7:09:00 AM
146,3:11:26,7:13:00 AM
333,3:11:33,7:10:00 AM
515,3:11:35,7:09:00 AM
1119,3:11:35,7:08:00 AM
1312,3:11:36,7:10:00 AM
1038,3:11:40,7:04:00 AM
1334,3:11:48,7:11:00 AM
1107,3:11:51,7:10:00 AM
949,3:11:51,7:11:00 AM
243,3:12:08,7:04:00 AM
657,3:12:09,7:12:00 AM
150,3:12:10,7:03:00 AM
602,3:12:11,7:10:00 AM
183,3:12:12,7:07:00 AM
7583,3:12:21,7:12:00 AM
189,3:12:21,7:08:00 AM
1239,3:12:27,7:08:00 AM
581,3:12:30,7:07:00 AM
1316,3:12:36,7:07:00 AM
290,3:12:41,7:07:00 AM
536,3:12:42,7:14:00 AM
48,3:12:43,7:06:00 AM
312,3:12:43,7:09:00 AM
47,3:12:43,7:06:00 AM
1216,3:12:45,7:11:00 AM
1086,3:12:49,7:09:00 AM
7502,3:12:50,7:03:00 AM
330,3:12:50,7:10:00 AM
1080,3:13:03,7:09:00 AM
228,3:13:05,7:05:00 AM
551,3:13:05,7:11:00 AM
1405,3:13:12,7:08:00 AM
894,3:13:15,7:15:00 AM
1024,3:13:16,7:09:00 AM
462,3:13:21,7:12:00 AM
733,3:13:23,7:01:00 AM
246,3:13:25,7:03:00 AM
133,3:13:29,7:14:00 AM
1436,3:13:31,7:05:00 AM
1269,3:13:35,7:16:00 AM
32,3:13:35,7:10:00 AM
1270,3:13:35,7:12:00 AM
250,3:13:39,7:04:00 AM
507,3:13:39,7:03:00 AM
957,3:13:40,7:10:00 AM
522,3:13:42,7:03:00 AM
1379,3:13:49,7:04:00 AM
118,3:13:59,7:10:00 AM
1193,3:14:01,7:10:00 AM
767,3:14:20,7:12:00 AM
277,3:14:25,7:09:00 AM
829,3:14:31,7:08:00 AM
576,3:14:31,7:13:00 AM
41,3:14:36,7:10:00 AM
210,3:14:38,7:05:00 AM
586,3:14:38,7:09:00 AM
1183,3:14:42,7:10:00 AM
961,3:14:48,7:06:00 AM
251,3:14:49,7:02:00 AM
7591,3:14:51,7:11:00 AM
202,3:15:03,7:03:00 AM
1121,3:15:04,7:11:00 AM
317,3:15:12,7:11:00 AM
1426,3:15:19,7:15:00 AM
1390,3:15:29,7:02:00 AM
980,3:15:33,7:08:00 AM
557,3:15:35,7:06:00 AM
263,3:15:41,7:12:00 AM
1308,3:15:53,7:11:00 AM
353,3:15:54,7:09:00 AM
1450,3:15:55,7:13:00 AM
1170,3:16:01,7:13:00 AM
506,3:16:05,7:09:00 AM
144,3:16:08,7:04:00 AM
1071,3:16:12,7:01:00 AM
565,3:16:13,7:09:00 AM
780,3:16:15,7:05:00 AM
1266,3:16:15,7:02:00 AM
200,3:16:22,7:03:00 AM
765,3:16:26,7:03:00 AM
1061,3:16:33,7:05:00 AM
33,3:16:39,7:12:00 AM
450,3:16:41,7:09:00 AM
613,3:16:46,7:04:00 AM
112,3:16:48,7:09:00 AM
1177,3:16:51,7:08:00 AM
455,3:16:55,7:09:00 AM
204,3:17:04,7:08:00 AM
299,3:17:04,7:16:00 AM
1004,3:17:04,7:15:00 AM
97,3:17:22,7:07:00 AM
1129,3:17:22,7:08:00 AM
839,3:17:23,7:08:00 AM
1181,3:17:25,7:11:00 AM
931,3:17:30,7:10:00 AM
1404,3:17:34,7:06:00 AM
1277,3:17:38,7:05:00 AM
116,3:17:39,7:12:00 AM
311,3:17:45,7:10:00 AM
7522,3:17:48,7:14:00 AM
1283,3:18:06,7:02:00 AM
1282,3:18:08,7:00:00 AM
827,3:18:17,7:03:00 AM
7493,3:18:18,7:12:00 AM
1336,3:18:31,7:03:00 AM
1441,3:18:31,7:08:00 AM
658,3:18:35,7:05:00 AM
1005,3:18:36,7:11:00 AM
1174,3:18:40,7:02:00 AM
715,3:18:46,7:10:00 AM
421,3:18:53,7:15:00 AM
879,3:18:56,7:09:00 AM
1073,3:18:57,7:07:00 AM
1072,3:18:58,7:07:00 AM
991,3:18:59,7:14:00 AM
83,3:19:01,7:13:00 AM
261,3:19:08,7:12:00 AM
121,3:19:11,7:11:00 AM
262,3:19:15,7:09:00 AM
1067,3:19:16,7:14:00 AM
730,3:19:21,7:06:00 AM
156,3:19:23,7:16:00 AM
692,3:19:38,7:05:00 AM
1276,3:19:40,7:08:00 AM
538,3:19:49,7:14:00 AM
297,3:19:49,7:00:00 AM
524,3:20:19,7:05:00 AM
1208,3:20:20,7:14:00 AM
1188,3:20:22,7:09:00 AM
812,3:20:22,7:10:00 AM
1010,3:20:23,7:15:00 AM
799,3:20:27,7:10:00 AM
1125,3:20:32,7:09:00 AM
670,3:20:38,7:10:00 AM
832,3:20:40,7:11:00 AM
887,3:20:43,7:12:00 AM
295,3:20:49,7:11:00 AM
1311,3:20:54,7:11:00 AM
213,3:20:54,7:11:00 AM
441,3:20:54,7:07:00 AM
570,3:20:56,7:05:00 AM
779,3:20:56,7:11:00 AM
185,3:20:59,7:09:00 AM
124,3:20:59,7:12:00 AM
952,3:21:01,7:08:00 AM
351,3:21:13,7:12:00 AM
763,3:21:18,7:10:00 AM
707,3:21:25,7:14:00 AM
7517,3:21:27,7:11:00 AM
1189,3:21:38,7:08:00 AM
1353,3:21:40,7:04:00 AM
7482,3:21:41,7:11:00 AM
1335,3:21:51,7:12:00 AM
896,3:22:01,7:06:00 AM
58,3:22:02,7:07:00 AM
1345,3:22:05,7:02:00 AM
686,3:22:07,7:03:00 AM
1212,3:22:13,7:09:00 AM
398,3:22:15,7:11:00 AM
1339,3:22:19,7:01:00 AM
10,3:22:23,7:13:00 AM
488,3:22:24,7:10:00 AM
500,3:22:28,7:09:00 AM
7550,3:22:28,7:11:00 AM
556,3:22:29,7:15:00 AM
1233,3:22:31,7:07:00 AM
403,3:22:32,7:08:00 AM
1327,3:22:33,7:12:00 AM
1326,3:22:35,7:03:00 AM
1272,3:22:49,7:15:00 AM
484,3:22:53,7:07:00 AM
485,3:22:54,7:11:00 AM
79,3:22:57,7:12:00 AM
1258,3:22:57,7:07:00 AM
1341,3:22:58,7:06:00 AM
1220,3:23:03,7:07:00 AM
440,3:23:07,7:00:00 AM
823,3:23:07,7:04:00 AM
328,3:23:22,7:12:00 AM
13,3:23:23,7:08:00 AM
1392,3:23:27,7:14:00 AM
981,3:23:29,7:11:00 AM
503,3:23:29,7:07:00 AM
1427,3:23:32,7:14:00 AM
513,3:23:36,7:11:00 AM
988,3:23:37,7:05:00 AM
287,3:23:59,7:08:00 AM
424,3:23:59,7:11:00 AM
997,3:24:11,7:12:00 AM
1157,3:24:13,7:12:00 AM
127,3:24:13,7:10:00 AM
539,3:24:13,7:08:00 AM
687,3:24:14,7:11:00 AM
238,3:24:15,7:10:00 AM
7526,3:24:17,7:02:00 AM
535,3:24:19,7:11:00 AM
1171,3:24:19,7:14:00 AM
1175,3:24:20,7:11:00 AM
1159,3:24:24,7:08:00 AM
723,3:24:40,7:08:00 AM
467,3:24:42,7:11:00 AM
529,3:24:54,7:12:00 AM
481,3:24:56,7:11:00 AM
1320,3:24:58,7:13:00 AM
1110,3:25:01,7:11:00 AM
1398,3:25:02,7:07:00 AM
930,3:25:08,7:08:00 AM
1373,3:25:09,7:08:00 AM
181,3:25:14,7:11:00 AM
673,3:25:14,7:13:00 AM
465,3:25:17,7:13:00 AM
604,3:25:20,7:10:00 AM
1060,3:25:22,7:13:00 AM
78,3:25:22,7:14:00 AM
1414,3:25:27,7:13:00 AM
158,3:25:35,7:10:00 AM
594,3:25:36,7:08:00 AM
193,3:25:40,7:05:00 AM
3,3:25:41,7:02:00 AM
781,3:25:42,7:16:00 AM
216,3:25:43,7:15:00 AM
7577,3:25:48,7:14:00 AM
899,3:25:49,7:08:00 AM
102,3:25:52,7:14:00 AM
239,3:25:55,7:12:00 AM
1299,3:25:59,7:01:00 AM
1298,3:26:00,7:14:00 AM
7483,3:26:02,7:13:00 AM
645,3:26:03,7:08:00 AM
270,3:26:06,7:12:00 AM
387,3:26:07,7:02:00 AM
579,3:26:08,7:11:00 AM
113,3:26:16,7:07:00 AM
890,3:26:20,7:14:00 AM
361,3:26:22,7:01:00 AM
1242,3:26:23,7:01:00 AM
1241,3:26:24,7:11:00 AM
7535,3:26:24,7:10:00 AM
214,3:26:32,7:05:00 AM
179,3:26:32,7:07:00 AM
906,3:26:38,7:07:00 AM
1293,3:26:41,7:10:00 AM
1187,3:26:42,7:11:00 AM
1370,3:26:47,7:12:00 AM
1109,3:27:03,7:13:00 AM
264,3:27:34,7:05:00 AM
1035,3:27:37,7:09:00 AM
7598,3:27:37,7:03:00 AM
7599,3:27:38,7:08:00 AM
7602,3:27:40,7:09:00 AM
151,3:27:41,7:06:00 AM
7568,3:27:46,7:15:00 AM
1163,3:27:48,7:05:00 AM
458,3:27:49,7:16:00 AM
460,3:27:49,7:08:00 AM
203,3:27:49,7:14:00 AM
349,3:27:50,7:02:00 AM
737,3:27:50,7:15:00 AM
547,3:27:50,7:13:00 AM
300,3:27:53,7:10:00 AM
76,3:28:02,7:11:00 AM
138,3:28:03,7:07:00 AM
1097,3:28:12,7:10:00 AM
306,3:28:16,7:05:00 AM
307,3:28:16,7:15:00 AM
1206,3:28:24,7:04:00 AM
281,3:28:27,7:01:00 AM
1301,3:28:31,7:13:00 AM
103,3:28:47,7:10:00 AM
7581,3:28:55,7:04:00 AM
1284,3:28:56,7:10:00 AM
1388,3:29:05,7:09:00 AM
1090,3:29:06,7:07:00 AM
1065,3:29:19,7:14:00 AM
1256,3:29:23,7:13:00 AM
1031,3:29:24,7:00:00 AM
1365,3:29:26,7:04:00 AM
1022,3:29:27,7:12:00 AM
1142,3:29:50,7:04:00 AM
332,3:30:31,7:16:00 AM
7582,3:30:32,7:11:00 AM
783,3:30:32,7:09:00 AM
73,3:30:33,7:10:00 AM
1172,3:30:38,7:11:00 AM
1368,3:31:03,7:11:00 AM
784,3:31:08,7:14:00 AM
7560,3:31:15,7:15:00 AM
574,3:31:24,7:14:00 AM
7566,3:31:27,7:02:00 AM
883,3:31:28,7:15:00 AM
694,3:31:29,7:13:00 AM
111,3:31:31,7:14:00 AM
1207,3:31:35,7:09:00 AM
1321,3:31:37,7:05:00 AM
702,3:31:38,7:00:00 AM
30,3:31:39,7:14:00 AM
123,3:31:39,7:15:00 AM
791,3:31:40,7:08:00 AM
359,3:31:47,7:08:00 AM
989,3:31:50,7:14:00 AM
527,3:31:53,7:16:00 AM
601,3:31:58,7:12:00 AM
757,3:32:02,7:10:00 AM
1112,3:32:04,7:14:00 AM
59,3:32:14,7:13:00 AM
234,3:32:18,7:12:00 AM
6,3:32:21,7:07:00 AM
1285,3:32:22,7:12:00 AM
1126,3:32:28,7:16:00 AM
385,3:32:31,7:12:00 AM
1066,3:32:32,7:11:00 AM
247,3:32:33,7:08:00 AM
494,3:32:44,7:12:00 AM
926,3:32:52,7:10:00 AM
7495,3:32:56,7:14:00 AM
7477,3:33:15,7:12:00 AM
882,3:33:20,7:15:00 AM
697,3:33:21,7:14:00 AM
7509,3:33:27,7:10:00 AM
911,3:33:33,7:10:00 AM
820,3:33:41,7:15:00 AM
346,3:33:45,7:12:00 AM
582,3:33:46,7:12:00 AM
318,3:33:49,7:11:00 AM
7519,3:33:49,7:09:00 AM
320,3:33:52,7:11:00 AM
466,3:33:52,7:10:00 AM
709,3:34:06,7:12:00 AM
1254,3:34:18,7:09:00 AM
241,3:34:18,7:12:00 AM
454,3:34:21,7:14:00 AM
932,3:34:23,7:09:00 AM
188,3:34:28,7:15:00 AM
329,3:34:32,7:10:00 AM
1164,3:34:37,7:10:00 AM
696,3:34:43,7:10:00 AM
537,3:34:50,7:12:00 AM
951,3:35:00,7:09:00 AM
1369,3:35:02,7:14:00 AM
1215,3:35:02,7:10:00 AM
175,3:35:05,7:00:00 AM
315,3:35:12,7:16:00 AM
540,3:35:12,7:14:00 AM
1025,3:35:13,7:14:00 AM
7542,3:35:14,7:16:00 AM
67,3:35:23,7:11:00 AM
967,3:35:24,7:05:00 AM
402,3:35:32,7:14:00 AM
634,3:35:33,7:04:00 AM
301,3:35:37,7:13:00 AM
1011,3:35:38,7:10:00 AM
1433,3:35:38,7:14:00 AM
934,3:35:39,7:11:00 AM
429,3:35:39,7:08:00 AM
114,3:35:41,7:13:00 AM
29,3:35:47,7:09:00 AM
922,3:35:54,7:15:00 AM
857,3:36:05,7:15:00 AM
279,3:36:05,7:11:00 AM
75,3:36:06,7:07:00 AM
530,3:36:06,7:16:00 AM
278,3:36:06,7:10:00 AM
531,3:36:06,7:10:00 AM
868,3:36:17,7:14:00 AM
1280,3:36:18,7:12:00 AM
7574,3:36:21,7:07:00 AM
703,3:36:29,7:09:00 AM
747,3:36:29,7:06:00 AM
1001,3:36:30,7:15:00 AM
66,3:36:30,7:09:00 AM
1009,3:36:31,7:16:00 AM
475,3:36:31,7:06:00 AM
1000,3:36:31,7:15:00 AM
7499,3:36:31,7:13:00 AM
266,3:36:35,7:12:00 AM
671,3:36:36,7:13:00 AM
1052,3:36:36,7:15:00 AM
938,3:36:46,7:14:00 AM
268,3:36:57,7:11:00 AM
7536,3:37:11,7:16:00 AM
143,3:37:12,7:07:00 AM
337,3:37:14,7:08:00 AM
728,3:37:15,7:00:00 AM
1191,3:37:16,7:14:00 AM
575,3:37:17,7:13:00 AM
1248,3:37:17,7:16:00 AM
448,3:37:23,7:15:00 AM
1034,3:37:28,7:09:00 AM
1051,3:37:33,7:05:00 AM
131,3:37:33,7:10:00 AM
182,3:37:37,7:11:00 AM
873,3:37:56,7:10:00 AM
472,3:38:04,7:14:00 AM
1019,3:38:14,7:09:00 AM
750,3:38:22,7:14:00 AM
1347,3:38:25,7:13:00 AM
571,3:38:26,7:13:00 AM
606,3:38:28,7:08:00 AM
589,3:38:43,7:16:00 AM
383,3:38:50,7:13:00 AM
12,3:38:59,7:14:00 AM
7544,3:39:18,7:12:00 AM
1411,3:39:38,7:14:00 AM
913,3:39:39,7:09:00 AM
177,3:39:45,7:12:00 AM
927,3:39:48,7:11:00 AM
323,3:39:48,7:16:00 AM
1250,3:39:52,7:13:00 AM
1150,3:39:53,7:09:00 AM
982,3:40:05,7:13:00 AM
984,3:40:05,7:14:00 AM
510,3:40:07,7:12:00 AM
372,3:40:33,7:12:00 AM
849,3:40:33,7:14:00 AM
126,3:40:40,7:13:00 AM
34,3:40:41,7:07:00 AM
1410,3:40:44,7:15:00 AM
549,3:40:47,7:16:00 AM
471,3:41:15,7:09:00 AM
893,3:41:16,7:16:00 AM
1296,3:41:24,7:03:00 AM
1295,3:41:25,7:15:00 AM
7508,3:41:40,7:14:00 AM
1224,3:41:43,7:13:00 AM
1259,3:41:43,7:15:00 AM
716,3:41:51,7:10:00 AM
847,3:41:58,7:12:00 AM
1364,3:42:05,7:08:00 AM
979,3:42:42,7:15:00 AM
898,3:42:50,7:09:00 AM
1375,3:42:58,7:15:00 AM
14,3:43:03,7:15:00 AM
40,3:43:12,7:15:00 AM
1313,3:43:12,7:13:00 AM
794,3:43:14,7:14:00 AM
7556,3:43:22,7:15:00 AM
7525,3:43:23,7:12:00 AM
677,3:43:43,7:06:00 AM
654,3:43:51,7:09:00 AM
106,3:43:53,7:13:00 AM
711,3:44:00,7:13:00 AM
335,3:44:00,7:10:00 AM
17,3:44:01,7:13:00 AM
640,3:44:01,7:10:00 AM
443,3:44:09,7:10:00 AM
374,3:44:26,7:10:00 AM
863,3:44:40,7:15:00 AM
42,3:44:48,7:16:00 AM
358,3:44:52,7:13:00 AM
1331,3:44:52,7:09:00 AM
331,3:44:53,7:15:00 AM
769,3:45:08,7:10:00 AM
626,3:45:09,7:14:00 AM
661,3:45:15,7:10:00 AM
1046,3:45:32,7:15:00 AM
869,3:45:35,7:16:00 AM
953,3:45:49,7:14:00 AM
4,3:45:50,7:14:00 AM
339,3:45:57,7:14:00 AM
775,3:45:58,7:16:00 AM
572,3:46:01,7:16:00 AM
1152,3:46:05,7:13:00 AM
425,3:46:21,7:12:00 AM
595,3:46:25,7:03:00 AM
1204,3:46:25,7:12:00 AM
1013,3:46:25,7:07:00 AM
9,3:46:26,7:12:00 AM
1002,3:46:29,7:11:00 AM
1158,3:46:40,7:15:00 AM
433,3:46:54,7:14:00 AM
1062,3:47:08,7:06:00 AM
925,3:47:11,7:13:00 AM
479,3:47:12,7:14:00 AM
608,3:47:15,7:13:00 AM
1274,3:47:26,7:14:00 AM
753,3:47:32,7:16:00 AM
880,3:47:49,7:14:00 AM
1213,3:48:07,7:15:00 AM
7,3:48:12,7:13:00 AM
667,3:48:16,7:13:00 AM
1180,3:48:39,7:14:00 AM
235,3:48:52,7:12:00 AM
619,3:49:03,7:12:00 AM
866,3:49:14,7:14:00 AM
377,3:49:17,7:15:00 AM
1094,3:49:37,7:15:00 AM
1251,3:49:40,7:13:00 AM
107,3:49:43,7:14:00 AM
253,3:49:43,7:13:00 AM
197,3:49:47,7:15:00 AM
674,3:50:22,7:16:00 AM
7563,3:50:23,7:15:00 AM
903,3:50:27,7:11:00 AM
852,3:50:29,7:12:00 AM
919,3:51:05,7:15:00 AM
382,3:51:13,7:13:00 AM
1027,3:51:14,7:12:00 AM
463,3:51:15,7:13:00 AM
1303,3:51:15,7:13:00 AM
61,3:51:27,7:12:00 AM
940,3:51:27,7:13:00 AM
90,3:51:34,7:10:00 AM
1056,3:51:34,7:15:00 AM
1354,3:52:00,7:11:00 AM
7478,3:52:10,7:13:00 AM
1149,3:52:16,7:15:00 AM
94,3:52:30,7:16:00 AM
478,3:52:31,7:16:00 AM
833,3:52:36,7:14:00 AM
560,3:52:36,7:15:00 AM
555,3:52:48,7:15:00 AM
84,3:53:01,7:02:00 AM
1124,3:53:01,7:16:00 AM
864,3:53:04,7:13:00 AM
865,3:53:04,7:12:00 AM
729,3:53:37,7:16:00 AM
487,3:53:40,7:13:00 AM
567,3:54:18,7:15:00 AM
580,3:54:34,7:16:00 AM
187,3:54:40,7:14:00 AM
165,3:54:40,7:07:00 AM
283,3:54:42,7:16:00 AM
1133,3:54:48,7:13:00 AM
937,3:54:49,7:11:00 AM
215,3:54:51,7:13:00 AM
1322,3:54:52,7:06:00 AM
543,3:54:53,7:16:00 AM
1091,3:55:04,7:12:00 AM
643,3:55:04,7:12:00 AM
585,3:55:17,7:13:00 AM
98,3:55:30,7:14:00 AM
587,3:55:58,7:13:00 AM
327,3:56:20,7:12:00 AM
912,3:56:30,7:14:00 AM
50,3:56:33,7:14:00 AM
35,3:56:35,7:11:00 AM
298,3:56:51,7:15:00 AM
304,3:56:53,7:08:00 AM
884,3:57:05,7:12:00 AM
885,3:57:05,7:12:00 AM
1006,3:57:09,7:15:00 AM
186,3:57:47,7:16:00 AM
831,3:58:02,7:14:00 AM
7505,3:58:19,7:15:00 AM
610,3:58:36,7:13:00 AM
1384,3:58:43,7:13:00 AM
808,3:58:47,7:15:00 AM
381,3:59:04,7:15:00 AM
373,3:59:24,7:13:00 AM
334,3:59:26,7:15:00 AM
944,3:59:47,7:14:00 AM
1210,3:59:57,7:16:00 AM
642,4:00:26,7:15:00 AM
693,4:01:12,7:16:00 AM
303,4:01:13,7:05:00 AM
1008,4:01:52,7:13:00 AM
1340,4:02:00,7:14:00 AM
1376,4:02:13,7:11:00 AM
1377,4:02:14,7:15:00 AM
1050,4:02:31,7:03:00 AM
746,4:02:35,7:16:00 AM
668,4:04:33,7:11:00 AM
174,4:05:22,7:11:00 AM
891,4:05:46,7:15:00 AM
57,4:05:51,7:15:00 AM
60,4:06:06,7:13:00 AM
724,4:06:09,7:16:00 AM
1030,4:06:28,7:13:00 AM
1291,4:06:38,7:16:00 AM
1265,4:06:39,7:14:00 AM
7594,4:07:47,7:12:00 AM
363,4:08:24,7:12:00 AM
308,4:08:44,7:13:00 AM
1185,4:09:13,7:13:00 AM
615,4:09:20,7:05:00 AM
860,4:09:34,7:10:00 AM
2,4:09:46,7:13:00 AM
220,4:09:47,7:13:00 AM
489,4:10:00,7:16:00 AM
956,4:10:11,7:15:00 AM
199,4:13:32,7:16:00 AM
115,4:13:32,7:09:00 AM
1041,4:15:10,7:12:00 AM
53,4:15:12,7:13:00 AM
583,4:15:33,7:13:00 AM
1402,4:18:12,7:16:00 AM
1003,4:18:40,7:16:00 AM
841,4:20:14,7:15:00 AM
1406,4:23:23,7:11:00 AM
553,4:23:24,7:15:00 AM
1106,4:24:09,7:14:00 AM
1154,4:24:32,7:16:00 AM
562,4:32:16,7:16:00 AM
900,4:33:03,7:16:00 AM
830,4:33:24,7:09:00 AM
603,4:33:34,7:16:00 AM
292,4:37:42,7:11:00 AM
162,4:41:22,7:16:00 AM
1246,4:49:20,7:13:00 AM
7570,5:30:19,7:15:00 AM
